/*!999999\- enable the sandbox mode */ 
-- MariaDB dump 10.19  Distrib 10.11.8-MariaDB, for debian-linux-gnu (x86_64)
--
-- Host: localhost    Database: cua2024db
-- ------------------------------------------------------
-- Server version	11.5.2-MariaDB-ubu2404

/*!40101 SET @OLD_CHARACTER_SET_CLIENT=@@CHARACTER_SET_CLIENT */;
/*!40101 SET @OLD_CHARACTER_SET_RESULTS=@@CHARACTER_SET_RESULTS */;
/*!40101 SET @OLD_COLLATION_CONNECTION=@@COLLATION_CONNECTION */;
/*!40101 SET NAMES utf8mb4 */;
/*!40103 SET @OLD_TIME_ZONE=@@TIME_ZONE */;
/*!40103 SET TIME_ZONE='+00:00' */;
/*!40014 SET @OLD_UNIQUE_CHECKS=@@UNIQUE_CHECKS, UNIQUE_CHECKS=0 */;
/*!40014 SET @OLD_FOREIGN_KEY_CHECKS=@@FOREIGN_KEY_CHECKS, FOREIGN_KEY_CHECKS=0 */;
/*!40101 SET @OLD_SQL_MODE=@@SQL_MODE, SQL_MODE='NO_AUTO_VALUE_ON_ZERO' */;
/*!40111 SET @OLD_SQL_NOTES=@@SQL_NOTES, SQL_NOTES=0 */;

--
-- Table structure for table `auth_group`
--

DROP TABLE IF EXISTS `auth_group`;
/*!40101 SET @saved_cs_client     = @@character_set_client */;
/*!40101 SET character_set_client = utf8 */;
CREATE TABLE `auth_group` (
  `id` int(11) NOT NULL AUTO_INCREMENT,
  `name` varchar(150) NOT NULL,
  PRIMARY KEY (`id`),
  UNIQUE KEY `name` (`name`)
) ENGINE=InnoDB DEFAULT CHARSET=utf8mb3 COLLATE=utf8mb3_uca1400_ai_ci;
/*!40101 SET character_set_client = @saved_cs_client */;

--
-- Dumping data for table `auth_group`
--

LOCK TABLES `auth_group` WRITE;
/*!40000 ALTER TABLE `auth_group` DISABLE KEYS */;
/*!40000 ALTER TABLE `auth_group` ENABLE KEYS */;
UNLOCK TABLES;

--
-- Table structure for table `auth_group_permissions`
--

DROP TABLE IF EXISTS `auth_group_permissions`;
/*!40101 SET @saved_cs_client     = @@character_set_client */;
/*!40101 SET character_set_client = utf8 */;
CREATE TABLE `auth_group_permissions` (
  `id` bigint(20) NOT NULL AUTO_INCREMENT,
  `group_id` int(11) NOT NULL,
  `permission_id` int(11) NOT NULL,
  PRIMARY KEY (`id`),
  UNIQUE KEY `auth_group_permissions_group_id_permission_id_0cd325b0_uniq` (`group_id`,`permission_id`),
  KEY `auth_group_permissio_permission_id_84c5c92e_fk_auth_perm` (`permission_id`),
  CONSTRAINT `auth_group_permissio_permission_id_84c5c92e_fk_auth_perm` FOREIGN KEY (`permission_id`) REFERENCES `auth_permission` (`id`),
  CONSTRAINT `auth_group_permissions_group_id_b120cbf9_fk_auth_group_id` FOREIGN KEY (`group_id`) REFERENCES `auth_group` (`id`)
) ENGINE=InnoDB DEFAULT CHARSET=utf8mb3 COLLATE=utf8mb3_uca1400_ai_ci;
/*!40101 SET character_set_client = @saved_cs_client */;

--
-- Dumping data for table `auth_group_permissions`
--

LOCK TABLES `auth_group_permissions` WRITE;
/*!40000 ALTER TABLE `auth_group_permissions` DISABLE KEYS */;
/*!40000 ALTER TABLE `auth_group_permissions` ENABLE KEYS */;
UNLOCK TABLES;

--
-- Table structure for table `auth_permission`
--

DROP TABLE IF EXISTS `auth_permission`;
/*!40101 SET @saved_cs_client     = @@character_set_client */;
/*!40101 SET character_set_client = utf8 */;
CREATE TABLE `auth_permission` (
  `id` int(11) NOT NULL AUTO_INCREMENT,
  `name` varchar(255) NOT NULL,
  `content_type_id` int(11) NOT NULL,
  `codename` varchar(100) NOT NULL,
  PRIMARY KEY (`id`),
  UNIQUE KEY `auth_permission_content_type_id_codename_01ab375a_uniq` (`content_type_id`,`codename`),
  CONSTRAINT `auth_permission_content_type_id_2f476e4b_fk_django_co` FOREIGN KEY (`content_type_id`) REFERENCES `django_content_type` (`id`)
) ENGINE=InnoDB AUTO_INCREMENT=41 DEFAULT CHARSET=utf8mb3 COLLATE=utf8mb3_uca1400_ai_ci;
/*!40101 SET character_set_client = @saved_cs_client */;

--
-- Dumping data for table `auth_permission`
--

LOCK TABLES `auth_permission` WRITE;
/*!40000 ALTER TABLE `auth_permission` DISABLE KEYS */;
INSERT INTO `auth_permission` VALUES
(1,'Can add log entry',1,'add_logentry'),
(2,'Can change log entry',1,'change_logentry'),
(3,'Can delete log entry',1,'delete_logentry'),
(4,'Can view log entry',1,'view_logentry'),
(5,'Can add permission',2,'add_permission'),
(6,'Can change permission',2,'change_permission'),
(7,'Can delete permission',2,'delete_permission'),
(8,'Can view permission',2,'view_permission'),
(9,'Can add group',3,'add_group'),
(10,'Can change group',3,'change_group'),
(11,'Can delete group',3,'delete_group'),
(12,'Can view group',3,'view_group'),
(13,'Can add user',4,'add_user'),
(14,'Can change user',4,'change_user'),
(15,'Can delete user',4,'delete_user'),
(16,'Can view user',4,'view_user'),
(17,'Can add content type',5,'add_contenttype'),
(18,'Can change content type',5,'change_contenttype'),
(19,'Can delete content type',5,'delete_contenttype'),
(20,'Can view content type',5,'view_contenttype'),
(21,'Can add session',6,'add_session'),
(22,'Can change session',6,'change_session'),
(23,'Can delete session',6,'delete_session'),
(24,'Can view session',6,'view_session'),
(25,'Can add funcionario',7,'add_funcionario'),
(26,'Can change funcionario',7,'change_funcionario'),
(27,'Can delete funcionario',7,'delete_funcionario'),
(28,'Can view funcionario',7,'view_funcionario'),
(29,'Can add grado',8,'add_grado'),
(30,'Can change grado',8,'change_grado'),
(31,'Can delete grado',8,'delete_grado'),
(32,'Can view grado',8,'view_grado'),
(33,'Can add departamento',9,'add_departamento'),
(34,'Can change departamento',9,'change_departamento'),
(35,'Can delete departamento',9,'delete_departamento'),
(36,'Can view departamento',9,'view_departamento'),
(37,'Can add estado',10,'add_estado'),
(38,'Can change estado',10,'change_estado'),
(39,'Can delete estado',10,'delete_estado'),
(40,'Can view estado',10,'view_estado');
/*!40000 ALTER TABLE `auth_permission` ENABLE KEYS */;
UNLOCK TABLES;

--
-- Table structure for table `auth_user`
--

DROP TABLE IF EXISTS `auth_user`;
/*!40101 SET @saved_cs_client     = @@character_set_client */;
/*!40101 SET character_set_client = utf8 */;
CREATE TABLE `auth_user` (
  `id` int(11) NOT NULL AUTO_INCREMENT,
  `password` varchar(128) NOT NULL,
  `last_login` datetime(6) DEFAULT NULL,
  `is_superuser` tinyint(1) NOT NULL,
  `username` varchar(150) NOT NULL,
  `first_name` varchar(150) NOT NULL,
  `last_name` varchar(150) NOT NULL,
  `email` varchar(254) NOT NULL,
  `is_staff` tinyint(1) NOT NULL,
  `is_active` tinyint(1) NOT NULL,
  `date_joined` datetime(6) NOT NULL,
  PRIMARY KEY (`id`),
  UNIQUE KEY `username` (`username`)
) ENGINE=InnoDB DEFAULT CHARSET=utf8mb3 COLLATE=utf8mb3_uca1400_ai_ci;
/*!40101 SET character_set_client = @saved_cs_client */;

--
-- Dumping data for table `auth_user`
--

LOCK TABLES `auth_user` WRITE;
/*!40000 ALTER TABLE `auth_user` DISABLE KEYS */;
/*!40000 ALTER TABLE `auth_user` ENABLE KEYS */;
UNLOCK TABLES;

--
-- Table structure for table `auth_user_groups`
--

DROP TABLE IF EXISTS `auth_user_groups`;
/*!40101 SET @saved_cs_client     = @@character_set_client */;
/*!40101 SET character_set_client = utf8 */;
CREATE TABLE `auth_user_groups` (
  `id` bigint(20) NOT NULL AUTO_INCREMENT,
  `user_id` int(11) NOT NULL,
  `group_id` int(11) NOT NULL,
  PRIMARY KEY (`id`),
  UNIQUE KEY `auth_user_groups_user_id_group_id_94350c0c_uniq` (`user_id`,`group_id`),
  KEY `auth_user_groups_group_id_97559544_fk_auth_group_id` (`group_id`),
  CONSTRAINT `auth_user_groups_group_id_97559544_fk_auth_group_id` FOREIGN KEY (`group_id`) REFERENCES `auth_group` (`id`),
  CONSTRAINT `auth_user_groups_user_id_6a12ed8b_fk_auth_user_id` FOREIGN KEY (`user_id`) REFERENCES `auth_user` (`id`)
) ENGINE=InnoDB DEFAULT CHARSET=utf8mb3 COLLATE=utf8mb3_uca1400_ai_ci;
/*!40101 SET character_set_client = @saved_cs_client */;

--
-- Dumping data for table `auth_user_groups`
--

LOCK TABLES `auth_user_groups` WRITE;
/*!40000 ALTER TABLE `auth_user_groups` DISABLE KEYS */;
/*!40000 ALTER TABLE `auth_user_groups` ENABLE KEYS */;
UNLOCK TABLES;

--
-- Table structure for table `auth_user_user_permissions`
--

DROP TABLE IF EXISTS `auth_user_user_permissions`;
/*!40101 SET @saved_cs_client     = @@character_set_client */;
/*!40101 SET character_set_client = utf8 */;
CREATE TABLE `auth_user_user_permissions` (
  `id` bigint(20) NOT NULL AUTO_INCREMENT,
  `user_id` int(11) NOT NULL,
  `permission_id` int(11) NOT NULL,
  PRIMARY KEY (`id`),
  UNIQUE KEY `auth_user_user_permissions_user_id_permission_id_14a6b632_uniq` (`user_id`,`permission_id`),
  KEY `auth_user_user_permi_permission_id_1fbb5f2c_fk_auth_perm` (`permission_id`),
  CONSTRAINT `auth_user_user_permi_permission_id_1fbb5f2c_fk_auth_perm` FOREIGN KEY (`permission_id`) REFERENCES `auth_permission` (`id`),
  CONSTRAINT `auth_user_user_permissions_user_id_a95ead1b_fk_auth_user_id` FOREIGN KEY (`user_id`) REFERENCES `auth_user` (`id`)
) ENGINE=InnoDB DEFAULT CHARSET=utf8mb3 COLLATE=utf8mb3_uca1400_ai_ci;
/*!40101 SET character_set_client = @saved_cs_client */;

--
-- Dumping data for table `auth_user_user_permissions`
--

LOCK TABLES `auth_user_user_permissions` WRITE;
/*!40000 ALTER TABLE `auth_user_user_permissions` DISABLE KEYS */;
/*!40000 ALTER TABLE `auth_user_user_permissions` ENABLE KEYS */;
UNLOCK TABLES;

--
-- Table structure for table `django_admin_log`
--

DROP TABLE IF EXISTS `django_admin_log`;
/*!40101 SET @saved_cs_client     = @@character_set_client */;
/*!40101 SET character_set_client = utf8 */;
CREATE TABLE `django_admin_log` (
  `id` int(11) NOT NULL AUTO_INCREMENT,
  `action_time` datetime(6) NOT NULL,
  `object_id` longtext DEFAULT NULL,
  `object_repr` varchar(200) NOT NULL,
  `action_flag` smallint(5) unsigned NOT NULL CHECK (`action_flag` >= 0),
  `change_message` longtext NOT NULL,
  `content_type_id` int(11) DEFAULT NULL,
  `user_id` int(11) NOT NULL,
  PRIMARY KEY (`id`),
  KEY `django_admin_log_content_type_id_c4bce8eb_fk_django_co` (`content_type_id`),
  KEY `django_admin_log_user_id_c564eba6_fk_auth_user_id` (`user_id`),
  CONSTRAINT `django_admin_log_content_type_id_c4bce8eb_fk_django_co` FOREIGN KEY (`content_type_id`) REFERENCES `django_content_type` (`id`),
  CONSTRAINT `django_admin_log_user_id_c564eba6_fk_auth_user_id` FOREIGN KEY (`user_id`) REFERENCES `auth_user` (`id`)
) ENGINE=InnoDB DEFAULT CHARSET=utf8mb3 COLLATE=utf8mb3_uca1400_ai_ci;
/*!40101 SET character_set_client = @saved_cs_client */;

--
-- Dumping data for table `django_admin_log`
--

LOCK TABLES `django_admin_log` WRITE;
/*!40000 ALTER TABLE `django_admin_log` DISABLE KEYS */;
/*!40000 ALTER TABLE `django_admin_log` ENABLE KEYS */;
UNLOCK TABLES;

--
-- Table structure for table `django_content_type`
--

DROP TABLE IF EXISTS `django_content_type`;
/*!40101 SET @saved_cs_client     = @@character_set_client */;
/*!40101 SET character_set_client = utf8 */;
CREATE TABLE `django_content_type` (
  `id` int(11) NOT NULL AUTO_INCREMENT,
  `app_label` varchar(100) NOT NULL,
  `model` varchar(100) NOT NULL,
  PRIMARY KEY (`id`),
  UNIQUE KEY `django_content_type_app_label_model_76bd3d3b_uniq` (`app_label`,`model`)
) ENGINE=InnoDB AUTO_INCREMENT=11 DEFAULT CHARSET=utf8mb3 COLLATE=utf8mb3_uca1400_ai_ci;
/*!40101 SET character_set_client = @saved_cs_client */;

--
-- Dumping data for table `django_content_type`
--

LOCK TABLES `django_content_type` WRITE;
/*!40000 ALTER TABLE `django_content_type` DISABLE KEYS */;
INSERT INTO `django_content_type` VALUES
(1,'admin','logentry'),
(3,'auth','group'),
(2,'auth','permission'),
(4,'auth','user'),
(5,'contenttypes','contenttype'),
(9,'funcionarios','departamento'),
(10,'funcionarios','estado'),
(7,'funcionarios','funcionario'),
(8,'funcionarios','grado'),
(6,'sessions','session');
/*!40000 ALTER TABLE `django_content_type` ENABLE KEYS */;
UNLOCK TABLES;

--
-- Table structure for table `django_migrations`
--

DROP TABLE IF EXISTS `django_migrations`;
/*!40101 SET @saved_cs_client     = @@character_set_client */;
/*!40101 SET character_set_client = utf8 */;
CREATE TABLE `django_migrations` (
  `id` bigint(20) NOT NULL AUTO_INCREMENT,
  `app` varchar(255) NOT NULL,
  `name` varchar(255) NOT NULL,
  `applied` datetime(6) NOT NULL,
  PRIMARY KEY (`id`)
) ENGINE=InnoDB AUTO_INCREMENT=33 DEFAULT CHARSET=utf8mb3 COLLATE=utf8mb3_uca1400_ai_ci;
/*!40101 SET character_set_client = @saved_cs_client */;

--
-- Dumping data for table `django_migrations`
--

LOCK TABLES `django_migrations` WRITE;
/*!40000 ALTER TABLE `django_migrations` DISABLE KEYS */;
INSERT INTO `django_migrations` VALUES
(1,'contenttypes','0001_initial','2025-02-04 13:35:43.948332'),
(2,'auth','0001_initial','2025-02-04 13:35:44.202236'),
(3,'admin','0001_initial','2025-02-04 13:35:44.260391'),
(4,'admin','0002_logentry_remove_auto_add','2025-02-04 13:35:44.272901'),
(5,'admin','0003_logentry_add_action_flag_choices','2025-02-04 13:35:44.280699'),
(6,'contenttypes','0002_remove_content_type_name','2025-02-04 13:35:44.330961'),
(7,'auth','0002_alter_permission_name_max_length','2025-02-04 13:35:44.362927'),
(8,'auth','0003_alter_user_email_max_length','2025-02-04 13:35:44.389981'),
(9,'auth','0004_alter_user_username_opts','2025-02-04 13:35:44.403248'),
(10,'auth','0005_alter_user_last_login_null','2025-02-04 13:35:44.432640'),
(11,'auth','0006_require_contenttypes_0002','2025-02-04 13:35:44.434058'),
(12,'auth','0007_alter_validators_add_error_messages','2025-02-04 13:35:44.438246'),
(13,'auth','0008_alter_user_username_max_length','2025-02-04 13:35:44.451062'),
(14,'auth','0009_alter_user_last_name_max_length','2025-02-04 13:35:44.465627'),
(15,'auth','0010_alter_group_name_max_length','2025-02-04 13:35:44.486035'),
(16,'auth','0011_update_proxy_permissions','2025-02-04 13:35:44.492569'),
(17,'auth','0012_alter_user_first_name_max_length','2025-02-04 13:35:44.508907'),
(18,'funcionarios','0001_initial','2025-02-04 13:35:44.520601'),
(19,'funcionarios','0002_alter_funcionario_departamento_funcionario','2025-02-04 13:35:44.523526'),
(20,'funcionarios','0003_alter_funcionario_departamento_funcionario','2025-02-04 13:35:44.526210'),
(21,'funcionarios','0004_remove_funcionario_departamento_funcionario_and_more','2025-02-04 13:35:44.557345'),
(22,'funcionarios','0005_funcionario_departamento_funcionario_and_more','2025-02-04 13:35:44.633801'),
(23,'funcionarios','0006_grado_alter_funcionario_grado_funcionario','2025-02-04 13:35:44.711059'),
(24,'funcionarios','0007_alter_grado_codigo_grado','2025-02-04 13:35:44.732014'),
(25,'funcionarios','0008_departamento_and_more','2025-02-04 13:35:44.818860'),
(26,'funcionarios','0009_estado_alter_funcionario_estado_funcionario','2025-02-04 13:35:44.916949'),
(27,'funcionarios','0010_funcionario_cua_funcionario','2025-02-04 13:35:44.953576'),
(28,'funcionarios','0011_alter_funcionario_cua_funcionario','2025-02-04 13:35:44.957462'),
(29,'funcionarios','0012_alter_funcionario_codigo_funcionario','2025-02-04 13:35:44.961406'),
(30,'funcionarios','0013_alter_funcionario_codigo_funcionario_and_more','2025-02-04 13:35:44.987605'),
(31,'funcionarios','0014_alter_funcionario_cua_funcionario','2025-02-04 13:35:45.016539'),
(32,'sessions','0001_initial','2025-02-04 13:35:45.037332');
/*!40000 ALTER TABLE `django_migrations` ENABLE KEYS */;
UNLOCK TABLES;

--
-- Table structure for table `django_session`
--

DROP TABLE IF EXISTS `django_session`;
/*!40101 SET @saved_cs_client     = @@character_set_client */;
/*!40101 SET character_set_client = utf8 */;
CREATE TABLE `django_session` (
  `session_key` varchar(40) NOT NULL,
  `session_data` longtext NOT NULL,
  `expire_date` datetime(6) NOT NULL,
  PRIMARY KEY (`session_key`),
  KEY `django_session_expire_date_a5c62663` (`expire_date`)
) ENGINE=InnoDB DEFAULT CHARSET=utf8mb3 COLLATE=utf8mb3_uca1400_ai_ci;
/*!40101 SET character_set_client = @saved_cs_client */;

--
-- Dumping data for table `django_session`
--

LOCK TABLES `django_session` WRITE;
/*!40000 ALTER TABLE `django_session` DISABLE KEYS */;
/*!40000 ALTER TABLE `django_session` ENABLE KEYS */;
UNLOCK TABLES;

--
-- Table structure for table `funcionarios_departamento`
--

DROP TABLE IF EXISTS `funcionarios_departamento`;
/*!40101 SET @saved_cs_client     = @@character_set_client */;
/*!40101 SET character_set_client = utf8 */;
CREATE TABLE `funcionarios_departamento` (
  `id` bigint(20) NOT NULL AUTO_INCREMENT,
  `codigo_departamento` int(11) NOT NULL,
  `descripcion_departamento` varchar(40) NOT NULL,
  PRIMARY KEY (`id`),
  UNIQUE KEY `codigo_departamento` (`codigo_departamento`)
) ENGINE=InnoDB AUTO_INCREMENT=64 DEFAULT CHARSET=utf8mb3 COLLATE=utf8mb3_uca1400_ai_ci;
/*!40101 SET character_set_client = @saved_cs_client */;

--
-- Dumping data for table `funcionarios_departamento`
--

LOCK TABLES `funcionarios_departamento` WRITE;
/*!40000 ALTER TABLE `funcionarios_departamento` DISABLE KEYS */;
INSERT INTO `funcionarios_departamento` VALUES
(1,1,'ANÁLISIS'),
(2,2,'DAICAR - DIRECCION DE ASUNTOS INTERNOS'),
(3,3,'INTELIGENCIA'),
(4,4,'PROCEDIMIENTOS Y DELITOS ESPECIALES'),
(5,5,'TECNOLOGÍAS Y APOYO A LAS OPERACIONES'),
(6,6,'PLANA MAYOR DIRECCIÓN INTELIGENCIA'),
(7,7,'SIPOLCAR ARICA'),
(8,8,'SIPOLCAR IQUIQUE'),
(9,9,'SIPOLCAR ANTOFAGASTA'),
(10,10,'SIPOLCAR EL LOA'),
(11,11,'SIPOLCAR ATACAMA'),
(12,12,'SIPOLCAR COQUIMBO'),
(13,13,'SIPOLCAR LIMARÍ'),
(14,14,'SIPOLCAR ACONCAGUA'),
(15,15,'SIPOLCAR VALPARAISO'),
(16,16,'SIPOLCAR MARGA MARGA'),
(17,17,'SIPOLCAR SAN ANTONIO'),
(18,18,'SIPOLCAR CACHAPOAL'),
(19,19,'SIPOLCAR COLCHAGUA'),
(20,20,'SIPOLCAR CURICO'),
(21,21,'SIPOLCAR TALCA'),
(22,22,'SIPOLCAR LINARES'),
(23,23,'SIPOLCAR ÑUBLE'),
(24,24,'SIPOLCAR BIOBIO'),
(25,25,'U.I.O.E. CONCEPCIÓN'),
(26,26,'SIPOLCAR CONCEPCIÓN'),
(27,27,'SIPOLCAR ARAUCO'),
(28,28,'SIPOLCAR MALLECO'),
(29,29,'SIPOLCAR VILLARRICA'),
(30,30,'SIPOLCAR CAUTÍN'),
(31,31,'U.I.O.E. ARAUCANÍA'),
(32,32,'SIPOLCAR VALDIVIA'),
(33,33,'SIPOLCAR OSORNO'),
(34,34,'SIPOLCAR LLANQUIHUE'),
(35,35,'SIPOLCAR CHILOÉ'),
(36,36,'SIPOLCAR AYSEN'),
(37,37,'SIPOLCAR MAGALLANES'),
(38,38,'U.I.O.E. CAÑETE'),
(39,39,'U.I.O.E. ANGOL');
/*!40000 ALTER TABLE `funcionarios_departamento` ENABLE KEYS */;
UNLOCK TABLES;

--
-- Table structure for table `funcionarios_estado`
--

DROP TABLE IF EXISTS `funcionarios_estado`;
/*!40101 SET @saved_cs_client     = @@character_set_client */;
/*!40101 SET character_set_client = utf8 */;
CREATE TABLE `funcionarios_estado` (
  `id` bigint(20) NOT NULL AUTO_INCREMENT,
  `codigo_estado` int(11) NOT NULL,
  `descripcion_estado` varchar(40) NOT NULL,
  PRIMARY KEY (`id`),
  UNIQUE KEY `codigo_estado` (`codigo_estado`)
) ENGINE=InnoDB AUTO_INCREMENT=3 DEFAULT CHARSET=utf8mb3 COLLATE=utf8mb3_uca1400_ai_ci;
/*!40101 SET character_set_client = @saved_cs_client */;

--
-- Dumping data for table `funcionarios_estado`
--

LOCK TABLES `funcionarios_estado` WRITE;
/*!40000 ALTER TABLE `funcionarios_estado` DISABLE KEYS */;
INSERT INTO `funcionarios_estado` VALUES
(0,0,'INACTIVO'),
(1,1,'ACTIVO');
/*!40000 ALTER TABLE `funcionarios_estado` ENABLE KEYS */;
UNLOCK TABLES;

--
-- Table structure for table `funcionarios_funcionario`
--

DROP TABLE IF EXISTS `funcionarios_funcionario`;
/*!40101 SET @saved_cs_client     = @@character_set_client */;
/*!40101 SET character_set_client = utf8 */;
CREATE TABLE `funcionarios_funcionario` (
  `id` bigint(20) NOT NULL AUTO_INCREMENT,
  `codigo_funcionario` varchar(8) NOT NULL,
  `nombre_funcionario` varchar(150) NOT NULL,
  `departamento_funcionario_id` bigint(20) NOT NULL,
  `estado_funcionario_id` bigint(20) NOT NULL,
  `grado_funcionario_id` bigint(20) NOT NULL,
  `cua_funcionario` varchar(7) DEFAULT NULL,
  PRIMARY KEY (`id`),
  UNIQUE KEY `funcionarios_funcionario_codigo_funcionario_0a787529_uniq` (`codigo_funcionario`),
  UNIQUE KEY `cua_funcionario` (`cua_funcionario`),
  KEY `funcionarios_funcionario_grado_funcionario_id_4a58eaa4` (`grado_funcionario_id`),
  KEY `funcionarios_funcionario_departamento_funcionario_id_931bb37d` (`departamento_funcionario_id`),
  KEY `funcionarios_funcionario_estado_funcionario_id_9e13b732` (`estado_funcionario_id`),
  CONSTRAINT `funcionarios_funcion_departamento_funcion_931bb37d_fk_funcionar` FOREIGN KEY (`departamento_funcionario_id`) REFERENCES `funcionarios_departamento` (`id`),
  CONSTRAINT `funcionarios_funcion_estado_funcionario_i_9e13b732_fk_funcionar` FOREIGN KEY (`estado_funcionario_id`) REFERENCES `funcionarios_estado` (`id`),
  CONSTRAINT `funcionarios_funcion_grado_funcionario_id_4a58eaa4_fk_funcionar` FOREIGN KEY (`grado_funcionario_id`) REFERENCES `funcionarios_grado` (`id`)
) ENGINE=InnoDB AUTO_INCREMENT=13314 DEFAULT CHARSET=utf8mb3 COLLATE=utf8mb3_uca1400_ai_ci;
/*!40101 SET character_set_client = @saved_cs_client */;

--
-- Dumping data for table `funcionarios_funcionario`
--

LOCK TABLES `funcionarios_funcionario` WRITE;
/*!40000 ALTER TABLE `funcionarios_funcionario` DISABLE KEYS */;
INSERT INTO `funcionarios_funcionario` VALUES
(11267,'931438-N','PEÑA CARRASCO RAÚL ANDRÉS',1,1,3,'85997-8'),
(11268,'935814-B','GALLEGOS ALARCÓN CARLOS HUGO',1,1,3,'60256-6'),
(11269,'942507-X','AQUEVEQUE BASTIDAS CARLOS CHRISTIAN',1,1,5,'55647-4'),
(11270,'949769-T','GONZÁLEZ ARANEDA CRISTIAN BENJAMÍN',1,1,5,'42432-0'),
(11271,'953044-U','CANALES BENAVIDES HÉCTOR RENÉ',1,0,5,'46773-0'),
(11272,'955304-G','ABARCA HERNÁNDEZ JUAN RICARDITO',1,1,5,'71896-9'),
(11273,'958809-N','INZUNZA QUITRAL CRISTIAN ALEJANDRO',3,1,5,'42669-5'),
(11274,'981668-F','CÁRDENAS CONEJEROS PABLO ANDRÉS',1,1,7,'13766-8'),
(11275,'995850-Y','OCAMPO BAHAMONDE ÁLEX PATRICIO',1,1,7,'48301-6'),
(11276,'403085-Q','JARA OSORIO IVÁN LEONCIO',1,1,9,'93631-2'),
(11277,'925361-S','REQUENA PEREIRA ALEJANDRO',1,1,9,'78925-9'),
(11278,'933249-A','VÁSQUEZ MORAGA OSVALDO LORENZO',1,1,10,'46075-5'),
(11279,'936218-W','VERGARAY CID SERGIO AUGUSTO',1,1,10,'27955-0'),
(11280,'936762-X','CEA ABARCA MARÍA ELENA',1,1,10,'72879-8'),
(11281,'940174-A','REBOLLEDO PINO DANIEL ALEXIS',1,1,10,'15191-9'),
(11282,'945504-X','FERNANDEZ MELA JORGE PIER',1,1,10,'30835-8'),
(11283,'944211-X','PARADA VARGAS NÍDER ENRIQUE',1,1,12,'79872-1'),
(11284,'947960-D','ZAMORANO ABARCA VANNY MARCELA ',1,1,10,'79832-9'),
(11285,'948907-E','GONZÁLEZ OSSA GUILLERMO ANDRÉS',1,1,12,'62056-4'),
(11286,'959717-H','CERDA CERDA EDITH FABIOLA',1,1,12,'12289-8'),
(11287,'953332-Z','INOSTROZA DAZA ALEJANDRO ANDRÉS',1,1,11,'56095-0'),
(11288,'953224-V','LEÓN LEVIO RICARDO ANTONIO',1,1,12,'13139-7'),
(11289,'956574-X','ÁLVAREZ BARAHONA RODRIGO SAMUEL',1,0,12,'56837-2'),
(11290,'964244-C','CONCHA ESCALONA VANEY OMAR',1,1,12,'28754-1'),
(11291,'964256-G','GÓMEZ RIVERA CARLOS ALEJANDRO',1,1,12,'34714-6'),
(11292,'961845-U','CARRILLO VALLEJOS ROBERTO ALEJANDRO',1,1,12,'70901-3'),
(11293,'964235-T','CARVAJAL MALLEA VÍCTOR EFRAÍN',1,1,12,'56860-3'),
(11294,'961862-V','HERNÁNDEZ NAVARRETE CLAUDIO ANDRÉS',1,1,12,'66619-5'),
(11295,'964228-C','CANDIA QUEZADA CAROLINA DEL PILAR',1,1,12,'65003-1'),
(11296,'966521-L','TORRES CHAVARRÍA CÉSAR OCTAVIO',1,1,12,'10572-8'),
(11297,'961838-V','BURGOS CABRERA FRANCISCO ALEJANDRO',1,1,12,'75672-1'),
(11298,'966531-N','ZARATE CASTRO CRISTIAN',1,1,12,'27033-5'),
(11299,'967174-Z','MOLINA FERNANDEZ IVONNE',1,1,12,'34644-1'),
(11300,'964721-S','CARRASCO MUÑOZ SEBASTIÁN IGNACIO',1,1,12,'56905-9'),
(11301,'976246-A','ALARCON CORTES MAURICIO HUMBERTO',1,0,13,'48216-0'),
(11302,'978643-J','GALLARDO VELÁSQUEZ AARÓN SPENCER',27,1,12,'30016-9'),
(11303,'979064-A','ESPINOZA CABEZAS CÉSAR FABIÁN',1,0,13,'98648-3'),
(11304,'977075-T','CASTRO RIVAS GUILLERMO ESTEBAN',1,1,13,'82173-0'),
(11305,'984063-P','PACHECO SOTO CARLOS HUMBERTO',1,0,13,'29939-6'),
(11306,'960834-U','ALARCÓN CUEVAS CRISTIAN IGOR',1,1,13,'59674-3'),
(11307,'974979-F','HERRERA VARAS PEDRO JOSÉ',21,1,12,'64893-7'),
(11308,'978917-V','CARVAJAL OCAMPO SIMÓN PEDRO',1,0,13,'75580-2'),
(11309,'976697-X','REYES CARRASCO BELARMINO HERNÁN',1,1,13,'46364-5'),
(11310,'966986-P','RUBIO PARRA MARCELO ENRIQUE',36,1,13,'17892-7'),
(11311,'967707-G','GUTIERREZ MUÑOZ RICARDO PAULINO',1,1,12,'70412-5'),
(11312,'968638-K','RIQUELME TORRES JUAN CARLOS',1,1,13,'82380-9'),
(11313,'968566-B','CANDIA RODRÍGUEZ CARLOS HUMBERTO',1,1,12,'22251-1'),
(11314,'968478-K','CONTRERAS ESCARES MICHAEL',1,1,13,'72812-7'),
(11315,'987831-H','GUTIÉRREZ MENA YAMILA MARCELA',1,1,13,'28957-6'),
(11316,'989310-C','DIAZ URRUTIA DAVID ELISEO',1,1,13,'22798-1'),
(11317,'983311-K','AVENDAÑO VALENZUELA DANIEL JACOB',1,0,13,'34354-2'),
(11318,'992898-J','ESCALONA PEREIRA LUCILA MAGDALENA',1,0,13,'89076-4'),
(11319,'987987-E','MEDINA MEDINA YAMILE',1,1,14,'84277-1'),
(11320,'995367-X','MARTINEZ HIDALGO CRISTOPHER',1,1,14,'62788-9'),
(11321,'996899-P','JIMENEZ JIMENEZ JOAN',23,1,14,'69249-7'),
(11322,'807740-M','TAPIA OLIVARES HÉCTOR NELSON',1,1,16,'18886-3'),
(11323,'974588-Y','CAMUS DÁVILA MARLENE LIZBETH',1,1,16,'26013-1'),
(11324,'972612-V','PONS MAJMUT VANESSA ALEJANDRA',1,1,16,'26895-5'),
(11325,'003421-P','BARRAZA EGUÍA CLAUDIO ABELARDO',1,1,16,'82160-5'),
(11326,'929386-Y','ARAYA ZAPATA MARCELO LEONARDO',2,1,3,'62077-9'),
(11327,'934395-N','PETIT PIDAL CELIA CLARA',2,1,4,'87916-1'),
(11328,'938046-X','VALDES GONZALEZ HECTOR RICARDI',2,1,4,'72229-4'),
(11329,'946557-U','RODRIGUEZ VEGA IVAN ALBERTO',2,0,5,'68257-9'),
(11330,'949773-P','GUAJARDO MOYA SERGIO ALEJANDRO',2,0,5,'46335-0'),
(11331,'949782-H','LETELIER ANGULO PABLO ABEL',1,1,4,'96369-5'),
(11332,'955431-P','JORQUERA ESCOBAR JACQUELINE ANDREA',1,0,5,'36180-8'),
(11333,'974449-C','OJEDA CASAS CORDERO JAIME',2,1,7,'97585-1'),
(11334,'974467-W','RODRIGUEZ ZAMORA FREDDY ANDRES',2,1,7,'83538-7'),
(11335,'926244-W','PEÑA ECHEVARRIA ALEXIS',2,1,9,'93409-2'),
(11336,'398525-X','JAÑA MARTINEZ MANUEL TEODORO',2,1,9,'67934-1'),
(11337,'021930-J','ALARCON NAVARRETE FRANCISCO ANTONIO',2,1,16,'96619-2'),
(11338,'924433-A','PINO ACEVEDO LUIS ALEJANDRO',2,1,9,'65767-8'),
(11339,'925530-Q','TRABUCCO VEGA LUIS MARCELO',1,1,9,'27640-0'),
(11340,'929865-Y','NAVARRETE FLORES JOSE OCTAVIO',2,1,9,'37997-9'),
(11341,'926217-K','GARRIDO VASQUEZ JAIME GUSTAVO',2,1,9,'65067-5'),
(11342,'929735-V','LOBOS FARIAS JOSE FRANCISCO',2,1,9,'91040-1'),
(11343,'927423-B','BURGOS ALVAREZ LUIS ALFONSO',1,0,9,'24544-3'),
(11344,'921510-Q','CARCAMO FERNANDEZ PABLO DE LA CRUZ',2,1,9,'67166-1'),
(11345,'633795-Z','PIMENTEL UGARTE MARIO SERGIO',2,1,9,'73981-1'),
(11346,'929817-Q','FIGUEROA CARRASCO RUBEN ALBERTO',2,1,9,'63683-3'),
(11347,'934754-V','ROA SARAVIA HUGO ANTONIO',2,1,10,'11444-1'),
(11348,'935303-T','MUÑOZ MONTOYA MARCIAL EDGARDO',2,1,10,'81312-3'),
(11349,'936613-J','VALDEBENITO GARRIDO FRANCISCO JAVIER',1,1,9,'12202-1'),
(11350,'937061-M','FERNANDEZ ESCOBAR HERNAN EDUARDO',1,1,9,'15770-8'),
(11351,'936746-X','ABGUILLERM DIAZ JOYCE CATHERINE',1,1,9,'80909-4'),
(11352,'929214-T','RAMIREZ SEPULVEDA  LUIS NIBALDO',2,0,10,'13752-4'),
(11353,'931634-J','VILLASECA MIRANDA MIGUEL ANGEL',1,0,9,'28029-9'),
(11354,'934038-K','TORRES CARINAO  JUAN ALEJANDRO',2,1,9,'59772-4'),
(11355,'934624-K','SEPULVEDA ALVEAR SERGIO ANANIAS',2,1,9,'84337-8'),
(11356,'935359-A','GUZMAN FARFAN JUAN',2,1,10,'46293-1'),
(11357,'933429-P','HERRERA RUMINOT JOSE ANIBAL',1,0,9,'98985-5'),
(11358,'938708-L','VERA CASTILLO MARCELO IVAN',2,0,10,'45933-8'),
(11359,'940359-T','GOMEZ INZUNZA PEDRO IVAN',2,0,11,'82829-7'),
(11360,'941648-J','DIAZ VALDERRAMA SAMUEL IVAN',1,1,10,'38866-5'),
(11361,'945044-U','ORELLANA TORRES ALEX PATRICIO',24,1,10,'71202-7'),
(11362,'942729-C','PARDO VINET FERNANDO IVAN',2,1,11,'89541-0'),
(11363,'942748-P','SALAZAR CARRILLO CARLOS ROBERTO',3,1,10,'43838-8'),
(11364,'939780-H','BRITO REBECO RICARDO ENRIQUE',2,1,10,'97325-5'),
(11365,'939779-K','BRAVO GUERRA CARLOS',2,0,11,'30804-5'),
(11366,'940625-E','MUÑOZ ORTIZ JUAN AVELINO',2,1,11,'87899-3'),
(11367,'941053-Z','PUELLES CONTRERAS ALEJANDRO',2,1,11,'28887-1'),
(11368,'942736-T','PINTO MEDINA JORGE ALBERTO',2,1,11,'78265-8'),
(11369,'943970-B','BAEZA MARTINEZ MARY CARMEN',2,1,11,'62422-0'),
(11370,'944407-V','CARRERA MARQUEZ JANET DEL CARMEN',2,1,11,'47320-5'),
(11371,'946100-F','PEREZ GOMEZ RAMON HUMBERTO',2,1,11,'88533-2'),
(11372,'946867-T','CELEDON GONZALEZ CAMILO ANDRES',2,1,11,'32557-1'),
(11373,'947967-Y','ALFARO CEPEDA JOSE MARCELO',1,1,11,'62128-7'),
(11374,'948764-M','VARGAS BAEZA PABLO ANTONIO',2,1,12,'93214-7'),
(11375,'949217-A','RETULEN CABEZAS PEDRO ALEJANDRO',1,1,11,'69229-1'),
(11376,'952080-U','ROJAS CALQUIN LORETO ALEJANDRINA',1,1,11,'79962-2'),
(11377,'952018-Z','CARDENAS JARPA VIVIANA BEATRIZ',2,1,12,'31101-3'),
(11378,'945620-K','AHUMADA AMESTICA INGRID VERONICA',1,1,11,'81930-5'),
(11379,'954697-Z','NÚÑEZ LOPEZ LUIS WILLIAMS',2,0,12,'90194-8'),
(11380,'960406-G','CUEVAS SILVA GEORGINA MACARENA',1,1,12,'27545-6'),
(11381,'958225-B','TRONCOSO MONSALVES RAFAEL',2,1,12,'82659-3'),
(11382,'960400-N','CANALES RUIZ MARÍA JOSÉ',2,1,12,'15424-7'),
(11383,'951279-J','OCARES TAPIA SEBASTIAN ANTONIO',2,0,12,'93805-2'),
(11384,'952511-L','ZÚÑIGA CIFUENTES JUAN CARLOS',2,1,12,'88341-4'),
(11385,'953519-V','ROJAS CRUZ ROSA HERMINIA',2,0,11,'77409-6'),
(11386,'953446-U','CHEUQUEPAN HELLWIG CELDINA ODETTE ',2,1,12,'75508-0'),
(11387,'947155-S','VERGARA HERRERA ALEJANDRO ANIBAL',1,1,10,'13258-3'),
(11388,'952572-Z','CASTILLO CASTILLO MAX',2,1,12,'42700-5'),
(11389,'956273-H','JARA JARA CARLOS ALFONSO',1,1,11,'74893-6'),
(11390,'960312-G','CARRASCO VERA JULIO',2,1,12,'47378-7'),
(11391,'961185-P','SANDOVAL BELTRAN HÉCTOR HUGO',2,1,12,'39652-1'),
(11392,'948064-B','ROJAS RAVANAL SAMUEL EDUARDO',2,1,12,'18635-6'),
(11393,'955919-Y','FLORES PONCE JUAN CARLOS',2,1,12,'22945-2'),
(11394,'956071-S','MUÑOZ MUÑOZ CRISTIAN RODRIGO',2,1,12,'69616-2'),
(11395,'956997-Q','LEIVA MARIVIL ROBERTO ANDRES',2,1,12,'88800-8'),
(11396,'957690-H','ACUÑA MOYA MARIA SUSANA',2,1,12,'26229-1'),
(11397,'960476-D','CAAMAÑO DELGADO CLAUDIO PATRICIO',2,1,12,'81716-5'),
(11398,'959172-F','ALBORNOZ RIVAS JORGE',2,1,12,'69513-6'),
(11399,'960857-B','CID VALENZUELA RENE MARCELO',2,1,12,'86573-8'),
(11400,'957563-V','PEREZ INOSTROZA RODRIGO IVAN',2,1,12,'58604-9'),
(11401,'959655-K','OLAVE BRAVO MARCO ANTONIO',29,1,12,'19547-1'),
(11402,'951941-S','MARTINEZ HUEICHA NESTOR ISRAEL',2,1,12,'27347-6'),
(11403,'957509-G','ALVAREZ NAVARRO RODRIGO ALEXIS',2,0,12,'67853-9'),
(11404,'961340-M','GUIDOTTI ARANEDA ERWIN EDUARDO',2,1,12,'57902-0'),
(11405,'961544-W','OJEDA BARRIOS LORENA BEATRIZ',3,1,12,'89325-2'),
(11406,'964314-S','RECABAL REYES MIGUEL ALEJANDRO',2,1,12,'85496-4'),
(11407,'961388-A','VALENZUELA GONZALEZ RICARDO HERNAN',2,1,12,'12442-1'),
(11408,'961437-K','GARRIDO MORENO  FELIPE ANDRÉS',2,1,12,'11849-2'),
(11409,'963085-Q','FIGUEROA OYARZUN GUILLERMO',2,1,13,'72225-8'),
(11410,'979137-Y','SEGURA GUTIERREZ EDWARD',1,0,13,'38365-1'),
(11411,'980553-X','VILLABLANCA  FLORES CAMILA',2,0,13,'68767-2'),
(11412,'974893-J','SALGADO RIFFO MARIO',1,1,12,'85968-3'),
(11413,'957884-Q','CEA PALACIOS FREDDY SEBASTIÁN',2,1,13,'60702-5'),
(11414,'963144-X','VALLEJOS SAAVEDRA CRISTIAN ALEJANDRO',2,0,12,'93418-1'),
(11415,'968411-Y','NAVARRO CABRERA ALEJANDRO HERNAN',2,1,13,'42048-6'),
(11416,'972106-T','CISTERNA FERNANDEZ JOHN',2,0,13,'94569-7'),
(11417,'960299-L','ALVIAL NEIRA FRANCISCO',2,1,13,'96091-0'),
(11418,'982963-Q','ULLOA VILLEGAS YURIZAN YAZMIN',2,1,13,'35967-9'),
(11419,'976338-E','PARDO GOMEZ SAMUEL ANTONIO',2,1,13,'42957-6'),
(11420,'978986-T','PALMA MENDEZ PAMELA ANDREA',23,1,13,'24434-6'),
(11421,'957694-Z','ALVAREZ TORO BARBARA CAROLA',2,1,12,'53023-2'),
(11422,'968891-S','CARRASCO CHAVEZ TAMARA SOLANGE',1,0,13,'24239-3'),
(11423,'972076-X','VILLALOBOS ALVAREZ LUIS ANDRES',2,1,13,'10631-6'),
(11424,'973319-G','ROJAS RETAMAL LORETO',2,1,13,'31523-3'),
(11425,'966516-P','SUAZO PEREZ RAFAEL ANDRES',2,1,13,'42051-1'),
(11426,'962037-N','CARRASCO ASCENCIO CRISTIAN HERNAN',1,1,12,'45572-5'),
(11427,'965733-X','BAHAMONDEZ CARTES JUAN CARLOS',2,0,13,'49027-7'),
(11428,'970438-H','AGUILAR AGUILAR RODRIGO ALEJANDRO',1,1,13,'43481-9'),
(11429,'973248-R','POLIDORI CANALES MARGARITA ISABEL',2,0,13,'83051-5'),
(11430,'980898-S','ROJAS ESCOBAR ANDRES FELIPE',2,1,13,'70256-5'),
(11431,'982149-Y','JARA MILLAÑIR ALEXIS EDUARDO',2,1,13,'66019-1'),
(11432,'988607-A','MORALES ARAVENA JORDAN',2,1,14,'72224-9'),
(11433,'981116-E','FUENTES PALMA RAUL ANDRES',2,1,14,'31129-1'),
(11434,'979309-V','GOMEZ GONZALEZ LUIS ALEXIS',1,0,13,'46309-2'),
(11435,'984897-H','VILLENA VENEGAS CRISTIAN',2,1,14,'22685-7'),
(11436,'988179-C','BELTRAN SAAVEDRA BERNARDO',2,1,14,'54878-7'),
(11437,'989216-S','MONSALVES FREDES CAMILA',2,0,13,'46071-9'),
(11438,'986173-L','MOYA BADILLA MATÍAS',2,0,13,'64662-6'),
(11439,'992760-A','MEZA DOMINGUEZ JOSE LUIS',2,1,14,'57461-4'),
(11440,'986259-A','DOMINGUEZ JARA JOSE CRISTOBAL',1,0,14,'87667-3'),
(11441,'986105-R','CANDIA SAN JUAN OSCAR ALBERTO',2,1,14,'56656-1'),
(11442,'985260-E','NAVIA NAVIA ROCIO ANDREA',2,1,14,'59715-3'),
(11443,'982612-Q','QUEZADA MOLINA PAULINA ANDREA',2,1,14,'99433-0'),
(11444,'987027-E','CONTRERAS VERGARA MANUEL ALEJANDRO',5,1,13,'67238-4'),
(11445,'984812-B','GOMEZ PONCE MARCELA',1,0,14,'64167-6'),
(11446,'987943-R','CHAVEZ MOLINA GUISSELLE',1,0,14,'63804-6'),
(11447,'978921-Z','CONTRERAS CARO GONZALO ANDRES',1,0,13,'82428-2'),
(11448,'993032-H','BECERRA MARDONES BARBARA',2,1,14,'94032-5'),
(11449,'995551-Q','CABRERA ZUÑIGA BASILIO JOSE',2,0,14,'83717-0'),
(11450,'992560-S','CASTILLO BASCUÑAN CARLOS ENRIQUE',2,0,14,'92282-7'),
(11451,'141332-T','CANALES ARCE HECTOR MANUEL',2,1,16,'23874-6'),
(11452,'922318-U','MUÑOZ MUÑOZ ANTONIO EDUARDO',1,1,16,'96621-8'),
(11453,'921203-Z','CRUCHETT RODRIGUEZ VICTOR RUBEN',1,1,16,'80132-3'),
(11454,'923150-Z','CORNEJO JOFRE HECTOR ENRIQUE',1,1,16,'62817-3'),
(11455,'927998-L','ULSEN NAVARRETE SARA CECILIA',1,1,16,'59407-6'),
(11456,'932525-E','LOPRESTI ISASMENDI LUIGI EDOARDO',6,1,2,'14889-8'),
(11457,'941175-Y','ARENAS MOYA ANDRÉS FELIPE',3,0,5,'89412-6'),
(11458,'949731-D','ARAVENA PADILLA FRANCISCO JAVIER ',3,0,5,'69221-9'),
(11459,'974482-N','SOLARI MONTIEL JUAN PABLO ',3,0,7,'56926-4'),
(11460,'979770-W','CHAVARRÍA RIQUELME RAMÓN DEL PILAR',3,1,7,'76287-6'),
(11461,'982518-J','PALMA OLIVARES FRANCISCO JAVIER',3,1,7,'58712-8'),
(11462,'981557-Q','BASCUÑAN VÁSQUEZ PABLO ESTEBAN',3,1,7,'83522-5'),
(11463,'981770-H','CORDOVA ASTUDILLO ISABEL ANGELY',3,1,7,'54483-4'),
(11464,'984519-M','MENA GONZALEZ SONIA NICOLE',3,1,7,'21418-2'),
(11465,'925750-C','ARAYA BUGUEÑO LUIS ALBERTO',3,0,9,'11802-7'),
(11466,'950009-W','YÁÑEZ PEREZ CARLOS JAVIER',3,0,9,'83293-3'),
(11467,'930927-K','VIERA CANALES JACQUELINE MARLENE         ',3,0,9,'22723-0'),
(11468,'928552-V','OLATE BALLADARES RICARDO',3,0,9,'65479-7'),
(11469,'933031-B','GAHONA HORMAZABAL JULIO CESAR',3,1,10,'75015-6'),
(11470,'933382-Q','ÁLVAREZ CUBILLOS MARCELO ENRIQUE',3,1,10,'86434-6'),
(11471,'933969-U','MORA BORQUEZ ERICSSON GABRIEL',3,1,10,'46252-0'),
(11472,'937118-K','VÁSQUEZ MILES CRISTIAN ALEJANDRO',3,1,9,'19969-1'),
(11473,'935541-R',' LEVINIER ESPINOZA JOSÉ LUIS',3,1,10,'36142-4'),
(11474,'933491-E','SANHUEZA RUBILAR JOSÉ ARIEL  ',3,1,10,'24402-4'),
(11475,'932737-J','ALARCON ARANEDA ADRIAN EDUARDO',3,1,10,'69765-2'),
(11476,'937186-G','PARADA AGUILAR LUIS RAUL',3,1,10,'86798-7'),
(11477,'939750-J','SILVA LEON FERNANDO OMAR',3,1,10,'99609-8'),
(11478,'936686-L','OPAZO GARCÍA TOMAS PATRICIO',3,1,10,'79698-3'),
(11479,'938573-U','IBACACHE VALENZUELA RICARDO SERVANDO',3,1,10,'97085-6'),
(11480,'940590-G','CISTERNAS HUENUL  OSCAR IVAN',3,1,8,'11590-4'),
(11481,'940704-N','ARIAS GANGA  GIULIANO ESAU',3,1,11,'29345-4'),
(11482,'940708-S','BARRIENTOS BRICEÑO JORGE GUILLERMO',3,1,11,'25802-8'),
(11483,'943057-X','MÉNDEZ ESPINOZA NELSON RODRIGO',37,1,11,'54175-7'),
(11484,'943694-T','MORALES QUIÑONES RODOLFO ALEJANDRO',3,1,11,'83582-3'),
(11485,'944780-E','REYES CALDERÓN JUAN EDUARDO',3,1,11,'64774-1'),
(11486,'938636-T','CRUCES MENDOZA  ISAÍAS RAIMUNDO                  ',3,1,9,'43044-8'),
(11487,'939132-K','REYES OLAVE ROBERTO ORLANDO               ',3,1,9,'35856-3'),
(11488,'938825-R','GUTIERREZ RIQUELME LUIS MANUEL',3,1,11,'32095-0'),
(11489,'941915-J','BARRIGA SOTO VICTOR MANUEL',3,1,10,'73532-4'),
(11490,'942146-U','FUENTES FUENTES JULIO CESAR    ',3,1,10,'26235-3'),
(11491,'943964-Z','ANDRADE MORENO MIRIAM ANGELICA ',3,1,10,'44990-1'),
(11492,'944317-Z','MORENO FLORES  CARLOS MAURICIO ',3,1,11,'73561-9'),
(11493,'945228-H','HUENULAO CATRILEO RODRIGO ',3,1,11,'82873-3'),
(11494,'946024-R','ARRIAGADA LAGOS JOSE MARCELO',3,0,10,'35766-2'),
(11495,'948590-C','LEAL MUÑOZ HÉCTOR MOISES',3,1,12,'49619-1'),
(11496,'949385-B','LLANOS MÉNDEZ NELSON DEL TRANSITO',3,1,12,'22986-3'),
(11497,'952291-Y','RIVAS FERREIRA MARCIA JANINA',7,0,10,'83588-7'),
(11498,'947482-K','LATORRE SALGADO  SERGIO RAUL',3,1,12,'98838-3'),
(11499,'953463-V','GALLARDO HUAIQUIÑIR MARÍA SILVIA',3,1,12,'27109-4'),
(11500,'956238-E','BURGOS VERGARA JOHN RICHARD',2,1,11,'34785-1'),
(11501,'955833-J','CAYÚN MORALES MARÍA ANGELICA',2,0,12,'45853-5'),
(11502,'956233-Z','BARRIGA GUTIÉRREZ  JOSÉ HUMBERTO',3,1,12,'79407-4'),
(11503,'953234-X','MONTALVA MORENO JUAN ALBERTO',2,1,12,'22622-2'),
(11504,'957821-Q','MEZA GONZÁLEZ PÍA NAYADE',3,1,12,'46709-8'),
(11505,'960277-M','ROSALES FAUNDEZ LEONEL ANTONIO',3,1,12,'64243-3'),
(11506,'960285-E','SERRANO FERNÁNDEZ PABLO ALEJANDRO',3,0,12,'80322-3'),
(11507,'961474-Y','SALVO COFRÉ JOSÉ MANUEL',3,1,12,'33314-2'),
(11508,'957708-P','CANALES TOLOZA CARMEN GLORIA',3,1,12,'62980-5'),
(11509,'959980-E','JARAMILLO PARADA ALEX GABRIEL',3,1,12,'51544-6'),
(11510,'961014-N','VACCARO FLORES HANS OLIVER',3,1,12,'73409-4'),
(11511,'948362-J','ZAPATA VENEGAS  MIGUEL EDUARDO ',1,1,11,'47738-1'),
(11512,'949514-U','MORAGA FERNANDEZ ALVARO MANUEL',3,0,12,'20799-4'),
(11513,'950296-F','NÚÑEZ VALENZUELA JUAN CARLOS                   ',1,1,11,'41968-5'),
(11514,'950599-F','GARCES VARGAS TEOFILO ALEJANDRO',3,1,12,'54129-3'),
(11515,'956319-F','SANDOVAL GONZALEZ GABRIEL RICARDO',3,1,12,'59799-3'),
(11516,'956323-T','SILVA CARRASCO JOSE  ',3,1,12,'24506-9'),
(11517,'956713-S','FIGUEROA PEÑAYLILLO EDESIO HERNAN   ',1,1,11,'36436-9'),
(11518,'957764-E','TOLEDO DROGUETT YOHANNA ANDREA ',3,0,12,'31324-4'),
(11519,'956823-R','MORALES ROMAN PABLO JOVANY',3,0,12,'14509-7'),
(11520,'958569-L','ORELLANA VARGAS MARCELO ANDRES',3,1,12,'62215-1'),
(11521,'959744-L','LÓPEZ ESPARZA ELIZABETH   ',3,1,12,'78716-2'),
(11522,'959706-P','ALTAMIRANO RUIZ CAROLINA ANDREA',1,1,12,'19106-4'),
(11523,'959403-G','ESPINOZA ESPINOZA JOSE MANUEL',3,1,12,'93382-4'),
(11524,'960418-B','GUTIERREZ CORDOVA CARLA ANDREA',3,1,12,'99215-4'),
(11525,'960219-K','BURGOS VALENZUELA JOSE ESTEBAN ',3,1,12,'59962-4'),
(11526,'963284-U','MAUFFRAY BUSTAMANTE MARIELA SOLE',3,1,12,'65543-8'),
(11527,'965894-J','PINO DOSQUE LUIS ENRIQUE ',3,1,12,'90046-7'),
(11528,'963171-S','CONCHA LARA MAURICIO ALEJANDRO',3,1,12,'35288-1'),
(11529,'959727-B','DURAN MUÑOZ RAQUEL',3,1,12,'40428-0'),
(11530,'967465-V','AÑIÑIR RAIN RICARDO JAVIER',3,1,12,'59845-6'),
(11531,'967381-Z','BALLESTEROS ASTICA BERNABE',3,1,12,'72763-7'),
(11532,'967650-J','PINAUD TEJEDA MANUEL ALEJANDRO',35,1,12,'83489-7'),
(11533,'959592-V','TOLEDO BARRÍA JORGE ISAÍAS',3,1,13,'55316-4'),
(11534,'961537-P','MONDACA HERNANDEZ LUISA DEL CARMEN',3,1,13,'50049-8'),
(11535,'967398-A','MONSALVES MUÑOZ MAURICIO ANDRES      ',3,1,12,'44846-6'),
(11536,'957131-L','NEIRA VIVEROS FREDYS ALEJANDRO',3,1,12,'55335-1'),
(11537,'967110-V','VILLALOBOS ARAYA JUAN ANTONIO',2,1,12,'27984-5'),
(11538,'975104-U','RIQUELME ANDRADES DANIEL ALEJANDRO',3,1,13,'76027-0'),
(11539,'961322-X','CONTRERAS OYARCE RUBEN SANDRINO',3,0,12,'54741-1'),
(11540,'974974-S','GONZÁLEZ PERÉZ LEONARDO ANDRES',3,0,13,'60209-3'),
(11541,'968809-Q','GALDÁMES SEPÚLVEDA CARLOS ENRIQUE',26,1,13,'60268-2'),
(11542,'966470-D','HORMAZABAL RECABARREN CARLOS ',21,1,13,'90633-6'),
(11543,'965224-Z','ORDENES CARIQUEO ZACARIAS DAVID',3,1,13,'52239-4'),
(11544,'962545-Y','PEREZ GONZALEZ MACARENA DEL ROSARIO',3,1,12,'92366-6'),
(11545,'963049-B','ZERENE MUÑOZ CARLOS ALEJANDRO',3,1,12,'60789-2'),
(11546,'965353-A','BUSTAMANTE LADRON DE GUEVARA HECTRO',3,1,12,'54598-6'),
(11547,'966103-S','ROJAS HERRERA LISSETTE ANGELICA',3,1,13,'59513-7'),
(11548,'967220-B','VENEGAS CARRASCO CLARA ELENA',3,1,13,'29356-1'),
(11549,'967380-C','ARRIAGADA CALQUIN JUAN ANDRES',12,0,12,'72410-3'),
(11550,'968795-H','CONCHA ASTROZA CARLOS GERARDO',3,1,13,'28498-2'),
(11551,'979382-E','VIDAL ROCA RODRIGO DANILO',27,1,13,'50183-5'),
(11552,'962814-N','GARRIDO SILVA OSCAR DANILO',7,1,12,'54520-8'),
(11553,'982235-N','MADRID SILVA DENISSE ALISON',3,1,13,'35420-9'),
(11554,'981552-K','BARRIGA VIDAL CRISTIAN ALEXIS',3,1,13,'76354-4'),
(11555,'965974-Z','MORALES NOVOA VICTOR HUGO',3,1,13,'67939-6'),
(11556,'961370-K','PLACENCIA GARRIDO LUIS MARTIN ',2,1,13,'69629-7'),
(11557,'963210-D','ORTEGA RUBILAR ELIAS MOISES  ',2,1,12,'68922-3'),
(11558,'966024-M','ASTETE ASTETE ROSSANA CARMEN',3,1,13,'44408-6'),
(11559,'967117-Q','ALTAMIRANO RUIZ JUDITH CONSUELO ',3,1,12,'53038-5'),
(11560,'973079-B','NUÑEZ BADILLO JORGE ROSENDO       ',2,1,12,'90390-0'),
(11561,'967758-J','GONZALEZ TALAMILLA kARINA ANDREA',26,1,12,'60798-1'),
(11562,'974785-V','ARRIAGADA PALACIOS BERNARDO  ',3,0,13,'87611-9'),
(11563,'977413-K','NEIRA NEIRA JOCELIN ALEJANDRA',3,1,13,'75667-8'),
(11564,'983077-L','VILLAGRA CARREÑO GONZALO IGNACIO',3,1,13,'19139-5'),
(11565,'980483-J','HERNANDEZ BARRERA JESUS SEBASTIAN ',3,1,13,'38045-8'),
(11566,'979267-J','YÁÑEZ VENEGAS GONZALO ANDRES',3,1,13,'35434-3'),
(11567,'973496-K','GONZALEZ HORMAZABAL ADILIO ALFONSO',22,1,13,'38571-1'),
(11568,'971348-K','HERNÁNDEZ CUEVAS CRISTIAN',3,1,12,'59754-6'),
(11569,'977017-R','VARGAS LAGOS JUAN',3,1,13,'53610-1'),
(11570,'985107-J','MIRANDA PONCE PATRICIA VALESKA',3,1,13,'39676-3'),
(11571,'985060-Z','CEA ROJAS CATERIN DENIS',3,1,13,'76907-5'),
(11572,'977797-U','ROSAS AGUILAR VÍCTOR ALFONSO',3,1,14,'59472-7'),
(11573,'986288-Y','JIMÉNEZ ANDRADE FELIPE ALEJANDRO',3,1,14,'78133-7'),
(11574,'983733-J','ZERENÉ PAREDES FELIPE ESTEBAN',3,1,14,'38273-2'),
(11575,'986162-R','MATAMALA MILANCA CLAUDIA ROMINA',3,1,14,'39269-6'),
(11576,'985900-Z','GUTIERREZ CONTRERAS PATRICKS ALEJANDRO ',3,1,14,'73078-5'),
(11577,'984834-H','MELENDEZ SALDAÑA PAOLA NATALY',3,1,13,'57010-9'),
(11578,'985719-W','AYALA PINEDA CAMILO ESTEBAN',29,0,14,'71080-5'),
(11579,'983492-A','GUAICO GUAICO DANIELA FERNANDA',3,1,13,'15871-6'),
(11580,'982712-L','RODRIGUEZ VERGARA PATRICIA ALEJANDRA',3,1,14,'23863-9'),
(11581,'983499-R','LEAL SAN MARTIN FERNANDO MARCELO',3,0,14,'50519-9'),
(11582,'985965-M','VERGARA SILVA REINIER EDGARDO',3,1,14,'62328-5'),
(11583,'985126-C','ORTEGA ITURRA MARCO ANTONIO',3,1,13,'47499-1'),
(11584,'985938-J','SAEZ FLORES JOSE DANIEL',3,1,13,'70100-2'),
(11585,'978406-F','PINOCHET GONZALEZ PATRICIO EDUARDO',3,0,13,'59302-2'),
(11586,'987850-Y','LOZANO BRAÑAS JUDITH ELIZABETH',3,1,14,'19942-2'),
(11587,'988022.J','ROJAS GONZALEZ SILVIA PAOLA',3,1,14,'30744-8'),
(11588,'985223-M','HERNANDEZ DELGADILLO WILLIAMS OCIEL',3,1,14,'43362-3'),
(11589,'989089-X','PEÑA GARRIDO LUIS ALEXANDER',3,1,13,'99732-8'),
(11590,'985220-W','GONZALEZ QUIJADA PABLO ANDRES',3,1,14,'34133-9'),
(11591,'983112-C','ZÚÑIGA SALINAS BENJAMIN IGNACIO',3,1,13,'32242-1'),
(11592,'986380-Y','ASTUTILLO PAREDES MARIELA INES',3,1,14,'54627-0'),
(11593,'987717-N','PERÉZ GARCÍA FELIPE ESTEBAN',3,1,14,'58547-9'),
(11594,'988653-F','TIRUA GONZALEZ FELIPE ESTEBAN',3,0,14,'95058-3'),
(11595,'977102-U','GONZÁLEZ ORELLANA JOSÉ DANIEL',3,1,14,'38117-1'),
(11596,'985185-G','ARENAS MARTÍNEZ ELIZABETH CRISTINA',3,1,14,'15989-5'),
(11597,'983650-B','LARA MILLAN BLADIMIR JONATHAN ',3,1,13,'53616-5'),
(11598,'981558-2','BASLY CASTRO JUAN FLORENTINO',3,1,13,'85359-0'),
(11599,'981989-J','GARRIDO MOLINA LUIS HERALDO',3,0,14,'62184-9'),
(11600,'985177-P','VILLAGRA LÓPEZ VIVIANA CECILIA',3,1,13,'43373-0'),
(11601,'985309-C','TORRES CARO YANIRA ALEJANDRA',3,0,14,'92266-7'),
(11602,'985261-T','NECULHUEQUE NECULHUEQUE GUSTAVO ',3,1,13,'45066-8'),
(11603,'977710-G','VILLANUEVA ALARCON FERNANDO',3,1,14,'86609-5'),
(11604,'986335-N','RODRIGUEZ ESPINAZA PAULO ANDRES',21,1,13,'48219-7'),
(11605,'988459-D','HUENTENAO PICHUMILLA YERSON ABEL  ',21,1,13,'68999-2'),
(11606,'988423-R','CARVALLO SAEZ FLAVIO ALEJANDRO',3,1,13,'28761-2'),
(11607,'988997-R','MUÑOZ VERDEJO YERKO ANDRES',3,1,13,'97398-8'),
(11608,'980570-C','BASTIAS SUAZO JESSICA',3,1,14,'67767-4'),
(11609,'989244-E','PINO GARRIDO VALESKA ANDREA ',3,1,13,'21354-9'),
(11610,'989078-B','MANOSALVA VARGAS SEBASTIAN',3,1,13,'30721-5'),
(11611,'989346-C','PARRA AVENDAÑO FABIAN ANTONIO',3,1,14,'50596-6'),
(11612,'989018-X','SEPULVEDA UTRERAS FRANCISCO ANTONIO',3,1,13,'77136-6'),
(11613,'993494-E','SANHUEZA BURGOS SERGIO HUMBERTO ',3,1,13,'34036-7'),
(11614,'993426-H','NEIRA SAEZ SAUL ERNESTO',3,1,14,'53241-8'),
(11615,'992879-W','CARES MELINANCO DEISY ANDREA',3,1,13,'29824-4'),
(11616,'992546-Q','CABEZAS NÚÑEZ VICTOR HUGO ',3,1,14,'20602-0'),
(11617,'983367-T','MALDONADO BARRIENTOS VANESSA ',3,1,13,'37219-0'),
(11618,'986446-N','LEIVA ZÚÑIGA FABIAN ANDRES',3,1,14,'35919-7'),
(11619,'987046-R','HELMO HELMO MARCO ANTONIO',3,0,13,'24488-2'),
(11620,'989370-Q','VALENZUELA HERRERA JORDAN HUGO',3,1,14,'69644-8'),
(11621,'982893-B','SOTO CANCINO DAVID MARCELO',29,0,13,'65262-8'),
(11622,'989225-T','MUÑOZ HORMAZABAL SILVIA CONSTANZA',26,1,14,'89403-7'),
(11623,'994379-A','ELGUETA VÁSQUEZ EDUARDO JONATHAN ',3,1,14,'47793-4'),
(11624,'994949-W','FLORES OLIVA KARLA CECILIA ',3,0,14,'28329-6'),
(11625,'995062-R','VILLAGRAN SALAZAR YOSELIN ANDREA',3,1,14,'63223-9'),
(11626,'995624-R','ROJAS TORRES JOSE MANUEL EUGENIO',3,1,14,'84290-4'),
(11627,'997781-R','DIAZ CACERES CARLA FRANCESCA',3,1,14,'37001-2'),
(11628,'989453-Y','ROMERO TRAIPI JOSÉ FREDDY',3,1,14,'29031-3'),
(11629,'996594-D','ESPINOZA ZÚÑIGA PABLO ANTONIO',20,1,14,'88019-5'),
(11630,'994405-N','MONSALVES FUENTELABA ERIK ROBINSON',3,1,14,'45721-4'),
(11631,'989302-H','CARRASCO HENRIQUEZ MARCELO ALEJANDRO',3,1,14,'16109-7'),
(11632,'997767-S','CACERES CANCINO CONSTANZA BELEN ',3,1,14,'11481-6'),
(11633,'995516-D','SEPULVEDA LAGOS KATTIA CECILIA',3,1,14,'73410-1'),
(11634,'988946-V','ANTINAO ORELLANA PATRICIO JAVIER',3,1,14,'53634-3'),
(11635,'995075-N','ALARCÓN CÁCERES LUIS ESTEBAN',3,1,14,'12670-5'),
(11636,'995173-M','TORRES RAMIREZ MARCELO ANTONIO',3,1,14,'60327-0'),
(11637,'997798-S','HERRERA LAGOS ALLISON DANISA ',3,1,14,'89117-4'),
(11638,'998250-R','URTUBIA ORMAZABAL SANDRA FILOMENA',3,1,14,'46541-0'),
(11639,'935810-K','WITT SANCHEZ EDUARDO WERNER',4,0,4,'32961-1'),
(11640,'943861-S','MARABOLI FUENZALIDA JULIO CESAR',4,0,5,'91067-0'),
(11641,'982634-N','RAMIREZ HOFFMAN FELIPE CRISTIAN',4,1,7,'39096-5'),
(11642,'982386-N','MUÑOZ CARDENAS ESTEBAN GABRIEL',3,1,7,'41462-6'),
(11643,'981376-S','CAMPOS SOTO FERNANDA  DANIELA',4,0,7,'42162-7'),
(11644,'942735-S','PEREZ SALAZAR MARCO ',4,0,11,'91487-2'),
(11645,'947254-D','ARANCIBIA SILVA JORGE ',4,0,12,'57242-9'),
(11646,'946748-K','BAEZA JAQUE RAMON',4,0,12,'65459-1'),
(11647,'950294-D','MUÑOZ SALAZAR JORGE RAMON',4,1,11,'61551-6'),
(11648,'954651-A','GÓMEZ DÍAZ JOB',4,0,12,'45908-9'),
(11649,'948741-N','RIFFO CATALAN LUIS ',2,1,12,'32210-9'),
(11650,'955736-Y','CAÑUTA CURINAO ALEJANDRA ',4,0,12,'21735-8'),
(11651,'959602-P','ARCE MALDONADO ALEJANDRO',4,0,12,'84317-2'),
(11652,'961291-Z','VALENZUELA ESPINOZA MANUEL',4,1,12,'29540-7'),
(11653,'954693-V','FUENZALIDA MORALES MAURICIO ANTONIO',1,1,11,'39628-1'),
(11654,'963125-L','RIQUELME MARTÍNEZ HUMBERTO JOSÉ',4,0,13,'38665-8'),
(11655,'961355-G','MATAMALA PEREZ YOHN ',5,1,12,'77916-2'),
(11656,'965097-N','REYES MUÑOZ GABRIEL',4,1,13,'28841-5'),
(11657,'963048-A','YEVILAO PICHUN MANUEL',4,1,13,'82393-4'),
(11658,'966465-U','GONZÁLEZ SALINAS CRISTIAN',4,1,13,'66920-9'),
(11659,'971754-A','CAÑUPAN HUENTECURA WLADIMIR  RODRIGO',3,1,12,'63289-1'),
(11660,'973433-K','RAMOS MEJIAS FELIPE ANDRES',3,1,12,'36858-9'),
(11661,'973238-F','ALVARADO DÍAZ ROCÍO',4,1,13,'81562-1'),
(11662,'977512-N','FLORES CONTRERAS ISMAEL ',1,1,13,'45264-8'),
(11663,'974743-A','SALGADO RAMOS RAMON',4,1,13,'69265-7'),
(11664,'980141-S','RAMIREZ CABEZA FRANCISCO ',4,0,13,'92937-5'),
(11665,'979032-S','VALENZUELA PEREIRA YASMINE KARINA',4,1,13,'17670-5'),
(11666,'973170-F','MARIN ARAYA ÓSCAR',4,0,13,'81127-8'),
(11667,'974986-P','JIMENEZ VALDIVIA JUAN',4,1,13,'31350-2'),
(11668,'979635-B','NAIPAM MENESES MIGUEL',4,0,13,'50911-3'),
(11669,'980394-Y','SEPÚLVEDA RIVEROS LEONARDO',4,0,13,'51684-7'),
(11670,'981978-W','GARCIA JORQUERA LORENA ',4,0,13,'19699-8'),
(11671,'981758-H','COLLINAO LEFIHUALA FABIOLA',4,0,13,'15175-9'),
(11672,'977452-S','TRUJILLO OLIVAREZ CLAUDIA ANDREA',3,1,13,'15769-1'),
(11673,'969013-V','BOLVRAN MALDONADO SEBASTIAN HERNAN',4,1,13,'10514-8'),
(11674,'969576-J','FLORES LUPALLANTE RONALD HUMBERTO',4,1,13,'26789-4'),
(11675,'976796-S','LUARTE GONZALEZ LEONEL GIOVANNI',4,1,13,'91994-8'),
(11676,'970303-J','UGALDE SERRANO CHRISTIAN ANDRES ',3,1,12,'55097-0'),
(11677,'983558-T','SANTOS ARIAS EMILIO GUSTAVO',3,1,13,'27809-7'),
(11678,'986425-H','GARRIDO REYES NATALIA IVONNE',4,0,14,'64052-4'),
(11679,'993340-E','ZENTENO GAJARDO JUAN FELIPE',18,1,13,'27743-6'),
(11680,'977058-A','ARAVENA FLORES JONATHAN ',1,1,13,'69863-3'),
(11681,'971346-H','GONZÁLEZ TALAMILLA JAVIER',4,1,14,'35934-8'),
(11682,'980808-G','VALDIVIA VALDIVIA JOSÉ FRANCISCO',4,0,14,'59626-1'),
(11683,'983572-R','URRA CERDA DAYANE POLET',4,1,13,'28876-4'),
(11684,'983676-Z','OÑATE MUÑOZ JOSÉ LUIS ',4,0,14,'70989-9'),
(11685,'984777-X','BRANT OPORTO ALONSO',4,1,14,'19679-2'),
(11686,'984933-C','GALLARDO FUENTEALBA FRUCTUOSO ',4,1,14,'78995-5'),
(11687,'985913-H','LEMUS NÚÑEZ RODRIGO ',4,1,14,'62453-3'),
(11688,'985018-K','SOTO CANCINO BELEN ISABEL',4,0,14,'85779-2'),
(11689,'988619-D','OLIVA FUENTES EDILIO ',4,0,14,'47091-3'),
(11690,'983395-Q','QUEZADA SANHUEZA LEIDY ',4,0,14,'90526-6'),
(11691,'984744-W','TAPIA ARENAS LUIS CARLOS',4,0,14,'46856-0'),
(11692,'988039-T','SILVA ORELLANA VANESA',4,0,14,'91917-1'),
(11693,'988450-G','GUTIERREZ CID JUAN ALBERTO',4,1,14,'67045-7'),
(11694,'988951-S','BECERRA FREDES HORACIO ENRIQUE',4,1,13,'92890-1'),
(11695,'989178-C','GARRIDO CARRASCO JAVIERA',4,0,14,'51639-2'),
(11696,'989137-K','CABEZAS ESCOBAR SARA  ROSA',4,1,13,'93134-4'),
(11697,'987853-F','MARDONES RIQUELME  NATALIF',4,0,14,'27405-5'),
(11698,'985873-R','CAMPOS ROSAS JOSE ANDRES',4,0,14,'13095-0'),
(11699,'994883-D','ALIAGA MUÑOZ MILENA VÍCTORIA',4,0,14,'21541-2'),
(11700,'935795-Q','TAPIA MELLA GERMAN ABEL',5,1,4,'97399-7'),
(11701,'951536-L','SANCHEZ CABRERA NIBALDO ALEJANDRO',5,1,5,'97759-1'),
(11702,'979789-B','FLORES SOÑEZ PABLO EDUARDO',2,1,7,'72557-7'),
(11703,'982640-G','RAMIREZ VEAS MIGUEL ANGEL',5,0,7,'16034-7'),
(11704,'979726-E','ZAPATA BUSTOS SANDRA NATALIE ',5,1,7,'52791-5'),
(11705,'984609-G','VERDUGO SEPULVEDA MACARENA PAZ',5,1,8,'84806-0'),
(11706,'927926-B','CARVAJAL VALDERRAMA A.',5,1,9,'18503-5'),
(11707,'930527-J','SANCHEZ OLIVARES CESAR ANTONIO',5,1,9,'43346-3'),
(11708,'931366-V','VILLARROEL FARIAS HECTOR PATRICIO',5,1,9,'34965-3'),
(11709,'927720-Y','FIGUEROA MUÑOZ VICTOR MIGUEL',5,1,9,'24689-9'),
(11710,'931997-F','MEDINA FARFAN FRANCISCO SEGUNDO',5,1,9,'95518-6'),
(11711,'935295-K','MERINO VIVEROS OSCAR FERNANDO',5,1,9,'92813-4'),
(11712,'933644-W','QUINTUL ALVARADO HECTOR ROLANDO',5,0,9,'27702-5'),
(11713,'935872-M','SALDAÑA PEREZ LUIS MARCELO',5,0,9,'43767-4'),
(11714,'936627-Q','ALBORNOZ OLIVA RAUL',5,0,9,'70433-0'),
(11715,'935615-K','ESCOBAR SALGADO MIGUEL EDUARDO',5,1,10,'60540-1'),
(11716,'933059-X','MARTINEZ NEIRA SANTIAGO',5,1,10,'88769-8'),
(11717,'934112-A','PALMA GAVILAN VICTOR MANUEL',5,1,10,'97352-2'),
(11718,'935258-D','BADILLA SOTO JUAN ',5,1,10,'39200-7'),
(11719,'941544-S','CATRINAHUEL UNION JOSE BERNARDO',33,1,11,'86382-9'),
(11720,'944138-W','VALDERRAMA ROA MARTA DE LAS NIEVES',5,1,11,'46365-4'),
(11721,'939138-Z','ROJAS JARA JOEL JOSE',5,1,10,'41596-5'),
(11722,'939784-Z','CARRASCO OLIVA CARLOS',5,1,10,'32560-6'),
(11723,'939391-X','MONCADA MORA JOHN WILSON',5,1,10,'80126-1'),
(11724,'941920-X','GUZMAN LETELIER JUAN MANUEL',5,1,10,'90062-7'),
(11725,'942374-G','PINCHEIRA SILVA JORGE EDUARDO',5,1,11,'78978-6'),
(11726,'940312-C','TORRES CHIRINO ENRIQUE ALEXIS',5,1,11,'70731-9'),
(11727,'943304-C','PACHECO GUENCHUR LUIS SEBASTIAN',5,1,11,'65692-8'),
(11728,'944299-G','GUTIERREZ SOLIS JOSE VICTOR',5,1,11,'56452-7'),
(11729,'947334-V','ANTIMAN MUÑOZ CARLOS DANIEL',5,1,10,'28188-7'),
(11730,'952439-U','BERNIER OYARZO ROSENDO',5,1,11,'96561-1'),
(11731,'948167-F','PONCE ALARCON JOSE ANTONIO',5,1,11,'12010-3'),
(11732,'957433-K','ALVARADO ALVAREZ BRAULIO CRISTIAN',16,0,11,'36511-7'),
(11733,'955753-H','GONZALEZ MUÑOZ ALEJANDRA DEL ROS',5,0,12,'31995-3'),
(11734,'957177-S','BUSTOS CUEVAS MARCOS MANUEL',5,1,12,'76659-6'),
(11735,'962225-X','CABRERA MOLINA DANILO',5,1,12,'52234-9'),
(11736,'959515-X','CHACON VIDAL ALEXIS',5,1,12,'87966-1'),
(11737,'960284-D','SEPULVEDA LAGOS JOSE OCTAVIO',3,1,12,'31421-6'),
(11738,'952422-K','YAÑEZ ORTEGA PABLO EUSEBIO',5,0,11,'54927-7'),
(11739,'964287-Y','OLIVERO JOFRE DEISSA ALEJANDRA',5,1,12,'94915-7'),
(11740,'957119-Y','MATURANA TOBAR LUIS ANTONIO',5,1,12,'86747-8'),
(11741,'957647-H','MENDOZA LANDAETA RAUL RODRIGO',5,1,12,'47946-9'),
(11742,'965998-S','SALGADO LEIVA MAURICIO ENRIQUE',5,1,12,'40042-6'),
(11743,'965420-S','MUÑOZ SOTO GUSTAVO ANDRES',5,0,12,'21171-0'),
(11744,'968715-G','FAUNDEZ VIVANCO OMAR ERNESTO',5,1,13,'39280-1'),
(11745,'979192-Y','GONZALEZ ZAMORANO VICTOR HUGO',5,0,13,'83010-4'),
(11746,'973589-Y','BUSTAMANTE FUENTES JONATHAN ANDRES',2,1,13,'87022-2'),
(11747,'982290-S','MELENDEZ GARCIA NATALIA ANDREA',5,1,13,'40053-3'),
(11748,'977485-L','BUSTOS VELOZO MAURICIO HERNAN',1,1,13,'96402-3'),
(11749,'982778-E','SALAZAR MENDOZA HERNALDO',5,1,13,'30390-6'),
(11750,'977683-S','SOTO SOTO JOSE LUIS ',5,1,13,'37500-8'),
(11751,'973498-V','GONZALEZ VARGAS LUIS FERNANDO',5,1,12,'56858-7'),
(11752,'966940-C','GUAJARDO VALDEZ RODRIGO ALFREDO',5,1,13,'32839-0'),
(11753,'981470-V','AREVALO ANCAMILLA CAMILA GORETTI',5,1,13,'18897-0'),
(11754,'967226-V','VILLALOBOS CORTES GISSELLE MACARENA',5,1,13,'97545-9'),
(11755,'979411-T','CAMPOS EPULAF MARCO ANTONIO',5,1,13,'19711-1'),
(11756,'988637-C','FREDES VALENZUELA FELIPE JOSE',5,1,13,'29414-0'),
(11757,'961520-S','GARCES GONZALEZ NORMA CRISTINA',1,1,12,'41928-3'),
(11758,'964766-F','OSES REYES JORGE IVAN',3,1,12,'45357-6'),
(11759,'982397R','MUÑOZ NAIL JAEL ANDREA',5,0,13,'44439-9'),
(11760,'985357-T','DONOSO LAGOS GONZALO ALONSO',5,1,13,'74752-6'),
(11761,'968962-G','PEDREROS CORTEZ KAREN CELIA',5,1,12,'97713-5'),
(11762,'968770-T','VARELO MORENO HERNALDO HERNAN',5,0,13,'64651-9'),
(11763,'983479-R','FERNANDEZ FLORES KATHERINE YESSENIA ',5,1,14,'88350-3'),
(11764,'978870-J','SUAREZ SAEZ MANUEL EDUARDO',3,0,13,'73724-2'),
(11765,'977556-S','MORALES TORRES ALEXIS ARNALDO',5,1,13,'27621-3'),
(11766,'985738-Z','CARRERA CATALAN ALFONSO EDUARDO',5,0,14,'47024-4'),
(11767,'985077-N','FIGUEROA LARA LUIS EDUARDO',5,1,13,'54488-9'),
(11768,'993415-E','MORA PINUER FERNANDO ZABDIEL',5,1,14,'83003-3'),
(11769,'983249-D','PACHECO MEDINA SEBASTIAN IGNACIO',5,0,13,'22897-1'),
(11770,'992077-M','SANCHEZ VEGA PEDRO FABIAN',3,1,13,'76012-7'),
(11771,'983721-N','TORRES ARAYA NICOLETTE MACARENA',5,1,14,'47342-9'),
(11772,'982767-T','PINCHEIRA SAEZ HECTOR ARSENIO',27,1,13,'93674-1'),
(11773,'984002-K','CONCHA MIÑO SALUSTIO ANTONIO',5,0,13,'38443-6'),
(11774,'987798-Y','CISTERNA MANZOR MARIA FERNANDA',5,1,13,'11006-1'),
(11775,'987103-Q','ROMERO CORTES MAURICIO ANDRES',5,1,13,'29416-8'),
(11776,'989098-Y','RIVAS VIVANCO NIBALDO NICOLAS',5,1,14,'24303-4'),
(11777,'992555-R','CARRASCO CARRASCO GONZALO ENRIQUE',5,0,14,'88780-3'),
(11778,'995509-X','ROMERO ARAVENA ROMINA ELIZABETH',5,1,14,'60648-2'),
(11779,'995499-M','RABANAL MUÑOZ ANGELICA ALEJANDRA',5,1,14,'33542-6'),
(11780,'994827-C','PEREZ PEÑA CESAR CRISTIAN',5,1,14,'96816-3'),
(11781,'986603-U','MOYA LOPEZ ANA KARERINA',3,1,13,'76880-7'),
(11782,'989497-M','ALDANA OBREQUE HANANIAS GUSTAVO',5,1,13,'91072-3'),
(11783,'985773-R','CAMPOS ROZAS JOSE ANDRES',5,1,14,'41882-8'),
(11784,'983548-Z','ROJAS LAZO ELISA MARGARITA',5,1,13,'17984-6'),
(11785,'993010-P','VILUÑIR HUILIPAN MARIA MACARENA',5,1,13,'72615-6'),
(11786,'997354-U','CONTRERAS CONCHA YOHAN ESTEBAN',5,0,14,'77127-7'),
(11787,'997117-F','SILVA ESPINOZA JOSE ANTONIO ',15,1,14,'25033-9'),
(11788,'960632-H','SANHUEZA QUIROZ JOSE MIGUEL',9,1,5,'14529-3'),
(11789,'936187-G','MORALES SAAVEDRA EDGARDO ELIECER',7,0,10,'31471-6'),
(11790,'938536-P','CABEZAS SALDAÑA RICHARD ALBERTO ',7,1,9,'74830-1'),
(11791,'940709-T','BELTRÁN ÁLVAREZ ORLANDO MARCELO',7,1,11,'75730-0'),
(11792,'943099-S','YAITE SALDES GUSTAVO RENÉ',7,0,9,'74053-2'),
(11793,'946399-E','HERNÁNDEZ RAMIREZ OSCAR FRANCISCO',7,1,11,'96054-5'),
(11794,'949521-T','NAVARRETE DIAZ JUAN ALEJANDRO',7,1,12,'72701-1'),
(11795,'954469-C','GONZALEZ ROMERO EUGENIO FLORIDOR',7,1,12,'90013-6'),
(11796,'988067-X','AHUMADA CORNEJO FELIPE ALBERTO',7,1,14,'29073-3'),
(11797,'987844-N','LARAS OVIEDO ALEXANDRA MARICELA',5,0,13,'47732-7'),
(11798,'993551-N','FUENZALIDA GAMBOA JONATHAN MARCELO',7,0,14,'83486-0'),
(11799,'924956-N','JARAMILLO CARRASCO ALFREDO ADEMAR',8,1,9,'54274-7'),
(11800,'948002-E','ESCRIBAR CASTILLO MARIO ORLANDO',8,1,12,'85711-2'),
(11801,'952923-R','PEREIRA MOLINA CHRISTIAN JOHN',8,1,11,'51468-9'),
(11802,'958750-V','SANCHEZ SAEZ ALDER RODRIGO',8,1,12,'80939-8'),
(11803,'986683-L','CATALDO HERRERA CESAR ANDRES',8,1,14,'79556-4'),
(11804,'986696-R','FIGUEROA BELMAR ERIC LUIS',1,0,13,'16616-3'),
(11805,'988085-J','CASTILLO OPAZO RICHARD HUMBERTO',26,1,13,'18586-6'),
(11806,'988732-W','BALBOA RAMIREZ DIEGO HUMBERTO',8,1,14,'68035-7'),
(11807,'993613-L','REYES FUENTES DIEGO ALFONSO',8,1,14,'41019-3'),
(11808,'993583-F','MEJIAS ORTIZ MANUEL',8,1,14,'55924-8'),
(11809,'927010-L','ROJAS NAVARRETE SERGIO ARMANDO ',11,1,9,'54396-0'),
(11810,'932186-B','OÑATE ACUÑA GUILLERMO ALFONSO ',9,1,10,'45586-9'),
(11811,'934758-H','RAMOS VALDERAS ALVARO MAURICIO',9,1,9,'97029-4'),
(11812,'941085-J','BRAVO CATALAN ALEJANDRO ALEX',9,1,11,'27395-8'),
(11813,'943020-W','CASTILLO ORDENES MARCELO RODRIGO ',9,1,11,'16589-7'),
(11814,'954053-W','MARIPAN VALENZUELA JORGE ALFREDO ',9,1,12,'76944-0'),
(11815,'968408-N','MUÑOZ ARAYA ALEJANDRO ENRIQUE ',9,1,12,'50161-1'),
(11816,'980728-F','BURGOS DONOSO JUAN CARLOS ',9,1,13,'76010-9'),
(11817,'985639-W','NOVA MONTECINOS JORGE DANIEL ',9,1,14,'71249-2'),
(11818,'986319-W','ORIA CACERES ROMENIX IVONNE',9,1,14,'96325-7'),
(11819,'988987-P','INOSTROZA INOSTROZA GUILLERMO ARCIDES ',9,1,14,'98110-2'),
(11820,'921993-H','FLORES SALINAS JUAN PATRICIO',10,0,9,'61879-1'),
(11821,'936512-D','TRICHET VILLA MARCO ANTONIO',10,0,10,'95429-4'),
(11822,'939500-H','MACAYA MACAYA JUAN GUILLERMO',10,1,11,'43112-5'),
(11823,'940314-E','TRIGO ALFARO JORGE HERNANDO',10,1,10,'95359-9'),
(11824,'956133-M','CARVAJAL ROJAS ENRIQUE ANTONIO',10,0,12,'60105-8'),
(11825,'964768-R','PALOMINOS MORENO LEONEL ISRAEL',10,0,13,'29923-4'),
(11826,'976453-S','MAUREIRA CHANDIA CLAUDIO ALEJANDRO',10,1,13,'50146-0'),
(11827,'985611-J','GUERRA GALLARDO MARCELO GABRIEL',10,1,14,'33762-0'),
(11828,'985649-G','PAVEZ RECABAL LUIS ALEJANDRO',10,1,14,'89846-2'),
(11829,'993204-T','BAEZA VENEGAS DIEGO EDUARDO',10,1,14,'66573-0'),
(11830,'981664-T','CÁRCAMO ARCE ALFONSO ANDRES',28,1,7,'87575-4'),
(11831,'940138-E','LOPEZ URRUTIA ALEJANDRO MARCELO',11,1,11,'30381-7'),
(11832,'944657-E','GONZÁLEZ VILLARROEL DIDIER ADIN',35,1,10,'89584-9'),
(11833,'979157-C','ABARZA BARRIOS JORGE ALEJANDRO',11,1,13,'93505-5'),
(11834,'986997-F','ACUÑA CABRERA TULIO ENRIQUE',11,1,13,'94836-3'),
(11835,'993229-T','ESCOBAR ARAYA LUIS HECTOR',11,1,13,'66721-0'),
(11836,'997077-J','PLACENCIA CARTES CHRISTIAN ÁNDRES',11,1,14,'27069-3'),
(11837,'993195-A','ARANEDA GARRIDO ALVARO EDUARDO',11,1,14,'17724-0'),
(11838,'997072-M','PARRA VALLEJOS ERNESTO GENARO',11,1,15,'38755-9'),
(11839,'001595-L','ALBORNOZ GALLARDO SILVIA JOSELINE',11,1,15,'46433-1'),
(11840,'926151-R','NESTOR VICTORINO OLAVE MORA',12,1,9,'64664-4'),
(11841,'929604-B','ALONSO ANTONIO ESPINOZA CIFUENTES',13,0,9,'42413-3'),
(11842,'941065-V','MARCELO ALEJANDRO CORTES TIRADO',12,0,11,'95614-9'),
(11843,'943967-U','JEANNETTE MARCELA ARIAS NAVARRO',12,1,10,'26123-8'),
(11844,'944771-G','GERARDO ORLANDO ORTIZ CONTRERAS',12,0,10,'89033-5'),
(11845,'950322-G','EDGAR ANDRES SANTOS COFRE',12,0,12,'34999-3'),
(11846,'957466-U','RICARDO JOSE JOFRE RODRIGUEZ',12,0,12,'38955-7'),
(11847,'957483-N','VICTOR MANUEL PASTEN CORTES',12,1,12,'55163-9'),
(11848,'966510-V','SANCHEZ GAETE JORGE JAVIER ',5,1,12,'35478-1'),
(11849,'969697-G','JIMENEZ CABELLO BORIS ALEXIS ',12,1,12,'67812-8'),
(11850,'970212-E','DAMIAN ARIEL GUAJARDO ARAYA',12,1,12,'76852-1'),
(11851,'977462-U','CAMILA VERONICA VELASQUEZ TELLO',12,1,14,'46256-6'),
(11852,'979884-W','VEGA CÁNEPA FERNANDO BORIS',33,1,7,'82170-3'),
(11853,'961533-K','MARÍN MICHEA KATTY CAROLA',13,1,12,'52864-7'),
(11854,'960205-N','AGURTO CISTERNA DOMINGO ANTONIO',13,0,12,'65593-8'),
(11855,'967308-Q','JINEL VILLALOBOS MANUEL ALEJANDRO',13,1,13,'75925-5'),
(11856,'970325-F','ABARCA ABARCA DANAE ALEJANDRA',13,1,13,'21111-2'),
(11857,'976335-T','OVALLE ASTARGO ELEAZAR ALONSO',13,1,13,'94303-7'),
(11858,'983417-E','SANDOVAL SANDOVAL PAULINA JAVIERA',13,0,13,'26293-3'),
(11859,'987947-M','CONTRERAS OLIVERA MARTA VICTORIA',13,1,14,'24641-5'),
(11860,'993261-T','MOLINA GÁRATE FELIPE ÁNDRES',13,1,14,'57045-8'),
(11861,'995399-Y','RIQUELME SÉPULVEDA OSCAR CAMILO',12,0,14,'86279-5'),
(11862,'924298-T','LUEIZA ORMÁZABAL HÉCTOR OSVALDO',14,1,9,'41879-3'),
(11863,'932243-T','FERNÁNDEZ MOLINA HÉCTOR GABRIEL',14,1,10,'27860-4'),
(11864,'947343-E','CARRASCO GUTIÉRREZ MANUEL ANDRÉS',14,1,12,'93646-5'),
(11865,'947883-M','CARRILLO FIERRO MARÍA LEONOR ',14,0,12,'39153-5'),
(11866,'951643-F','RIVERA LAZCANO ROBERTINO DEL TRANSITO',14,1,11,'35868-9'),
(11867,'956291-U','MUÑOZ VÁSQUEZ BRAULIO',14,1,11,'84358-3'),
(11868,'958201-L','MORENO CASTRO JOHNNY CHRISTIAN ',14,0,12,'29798-7'),
(11869,'970234-C','MALDONADO MONSÁLVEZ FRANCO AARON',14,1,13,'14656-9'),
(11870,'979009-L','SALGADO MARTINEZ SUSANA ANDREA',14,0,13,'59444-1'),
(11871,'980933-L','ASTORGA GUAJARDO PEDRO NOLASCO ',14,0,13,'48537-2'),
(11872,'941289-E','SANDOVAL ZAMORA HECTOR ENRIQUE',15,1,5,'36049-8'),
(11873,'972494-Q','GUTIERREZ DUMONT CHRISTIAN MARCELO',15,1,7,'91373-9'),
(11874,'927320-X','ALEGRIA ROJAS SILVIO VIRGILIO',15,1,9,'92192-6'),
(11875,'928876-S','CASTILLO ARAYA FERNANDO ANTONIO',15,1,9,'81765-6'),
(11876,'930785-V','FERNANDEZ MALDONADO MOISES DANIEL',15,1,9,'52361-5'),
(11877,'931172-K','HERRERA GONZALEZ DANIEL MARCOS',15,1,9,'58762-8'),
(11878,'931722-J','VERA URIBE LUIS HERNAN',15,1,10,'70590-0'),
(11879,'941376-H','NORAMBUYENA VILLA JUAN RICARDO',15,0,11,'20576-3'),
(11880,'943156-X','LARA CONTRERAS JUAN MANUEL',15,1,10,'11105-1'),
(11881,'945947-S','JALIFE ARAYA MARCELA PAOLA',15,0,11,'90287-6'),
(11882,'945788-B','FERNANDEZ ORTIZ CARLOS DANILO',15,1,11,'76787-1'),
(11883,'947713-Z','CARIS CONTRERAS RICHARD HENRY',15,0,12,'63491-5'),
(11884,'949091-Y','PARRA OLIVA ERICH RODRIGO ',15,1,11,'33668-5'),
(11885,'950437-U','TORRES MEZA HECTOR ISAAC',15,0,11,'29155-4'),
(11886,'956159-F','GUTIERREZ QUIROGA LUIS ANGEL',15,0,12,'20638-8'),
(11887,'960397-E','BUSTAMANTE CANDIA EDITH SALOME',15,1,12,'81402-4'),
(11888,'963678-N','GONZALEZ ARAYA ANDRES ORLANDO',12,1,12,'52624-7'),
(11889,'968913-X','FREDES ATENAS ROSA DEL CARMEN',3,1,12,'53097-4'),
(11890,'965372-D','CORREA GONZALEZ CLAUDIO ANDRES',15,1,12,'95959-3'),
(11891,'973714-U','SALDIVIA GOMEZ RODRIGO IGNACIO',15,1,12,'22776-7'),
(11892,'977241-E','GUERRERO BRITO EDUARDO ALBERTO',15,1,13,'27543-8'),
(11893,'979526-W','VILDOSOLA LOPEZ MARCOS ANDRES',15,1,12,'22572-3'),
(11894,'981443-N','ARANDA JARA SEBASTIAN EDUARDO',15,1,13,'76363-3'),
(11895,'980950-H','RUBILAR SALAZAR MANUEL ALEXIS',5,1,13,'31536-8'),
(11896,'984677-T','JORQUERA CASTILLO ANDRES IGNACIO',35,0,13,'61482-0'),
(11897,'985620-X','LIRA  PEREZ  EMILIO RAUL',3,1,13,'74661-6'),
(11898,'992640-A','PEREZ OLGUIN CARLOS ANDRES',15,0,13,'60800-6'),
(11899,'994930-P','CASTRO RODRIGUEZ CRISTINA  PAOLA',15,0,15,'32035-2'),
(11900,'952762-F','LUIS ALBERTO ABARCA DUFFE',16,1,12,'79790-0'),
(11901,'952681-X','CRISTIAN RAMON CONEJEROS RIVAS',16,1,12,'37720-2'),
(11902,'967232-T','AGUILERA BUZETA JAVIER ANDRES ',16,0,12,'39013-4'),
(11903,'970165-F','JOSE LUIS BETANCUR RUBILAR',3,1,12,'49770-7'),
(11904,'973732-W','CESAR GINES VEGA RIOS',16,0,13,'14416-9'),
(11905,'982241-U','LUIS ANTONIO MALDONADO CRUZ',16,1,14,'12425-2'),
(11906,'988182-Q','MITTSIO ALEXANDER CABRERA ALVAREZ',16,0,13,'47081-5'),
(11907,'987958-Y','FIGUEROA CISTERNA FRANCISCA STEFANNI',16,0,13,'13070-9'),
(11908,'988910-V','PACHE BAEZA CHRISTIAN ANDRES',16,0,14,'35233-6'),
(11909,'930134-Q','MENDEZ ESPINOZA PEDRO ANTONIO',17,0,9,'36335-1'),
(11910,'931524-C','GONZALEZ VERA RUBEN HERMES',17,1,9,'22139-8'),
(11911,'935845-J','JARA ALDEA RAMON CUSTODIO',17,0,9,'54764-4'),
(11912,'936506-Q','SANTIS MELENDEZ JOSE MIGUEL',17,0,10,'76525-7'),
(11913,'938097-K','CHAVEZ RIOS SERGIO CARLOS',17,0,10,'62113-4'),
(11914,'942361-B','MUÑOZ VALLADARES ALEX FERNANDO',17,0,11,'80713-0'),
(11915,'944960-A','MUÑOZ NAVARRO FERMIN ANTONIO',17,1,11,'32931-7'),
(11916,'970171-D','BUSTAMANTE LADRON DE GUEVARA ALEJANDRO ANDRES',17,1,13,'36695-6'),
(11917,'976163-X','LETELIER VEGA KATHERINE VALESKA',17,1,14,'96156-2'),
(11918,'984647-V','DIAZ GONZALEZ HUMBERTO ALEJANDRO',17,1,13,'63706-5'),
(11919,'996998-J','CASTAÑEDA TAPIA ISMAEL ALEJANDRO',17,0,15,'92625-2'),
(11920,'962622-V','PRIETO CEPEDA DANIEL SEBASTIAN',15,0,5,'81903-8'),
(11921,'951849-E','MOLINA SOTO PATRCIO ALEJANDRO',18,0,11,'33586-4'),
(11922,'954103-W','RIVAS APABLAZA MARCELO ANTONIO',18,0,12,'72154-4'),
(11923,'967229-F','ZAMORANO ABARCA GABRIELA LUCINDA',18,1,13,'34100-8'),
(11924,'967216-T','VALDIVIA CORNU PRISCILLA ANDREA',20,1,12,'93949-9'),
(11925,'960074-F','MANSILLA SABAL ERWIN ARIEL',18,0,13,'74062-1'),
(11926,'970025-W','ARCOS HENRIQUEZ NELSON PATRICIO',18,0,13,'16040-9'),
(11927,'982849-W','SEPULVEDA BARRA NELSON FREDDY',19,1,7,'39455-0'),
(11928,'927152-K','ARCE SEPULVEDA GALO AROLDO',19,0,9,'12352-0'),
(11929,'932009-V','OLAVE BELTRAN JOSE TOMAS',19,0,9,'21701-8'),
(11930,'939918-X','MEDINA VALDEBENITO GABRIEL ARMANDO',19,1,9,'69701-8'),
(11931,'942428-X','CASTRO YAÑEZ LEONEL ENRIQUE',19,0,11,'53356-0'),
(11932,'948032-T','MALDONADO VALDENEGRO CRISTIAN JOSE',19,1,12,'33643-4'),
(11933,'955100-G','ARAVENA TRONCOSO JUAN CARLOS',35,1,11,'47557-0'),
(11934,'968780-N','BASCUÑAN LARA EDGARDO ALEXIS',19,0,13,'64563-6'),
(11935,'977097-J','FUENTES RODRIGUEZ JOSE PABLO',19,0,13,'52182-2'),
(11936,'970118-G','SANDOVAL GATICA PEDRO ANDRES',19,1,13,'83765-2'),
(11937,'983453-J','CABEZAS NUÑEZ CAROLINA DEL CARMEN',19,0,13,'66599-0'),
(11938,'937445-K','JOSE  SALVADOR CONTRERAS MAUREIRA',20,1,9,'93790-0'),
(11939,'939944-Z','ALEX ERWIN REYES ECHEVERRIA',20,1,11,'87574-5'),
(11940,'952678-K','DANIEL ALEJANDRO CASTILLO SAN MARTIN',20,1,12,'44848-4'),
(11941,'964949-F','SARA DE LAS MERCEDES GONZALEZ VERA',20,1,13,'68317-6'),
(11942,'978394-H','JOSE MIGUEL NÚÑEZ GUERRERO',20,1,13,'55358-4'),
(11943,'973435-M','GERMAN ORLANDO REYES FAUNDEZ',20,1,13,'46888-2'),
(11944,'967439-T','FRANCISCO JAVIER PINO RETAMAL',20,1,13,'40072-0'),
(11945,'981648-B','PABLO ESTEBAN CAMPOS CATALAN',20,1,13,'87903-6'),
(11946,'976332-Y','OLMAZABAL IBARRA HERNAN ARIEL ',20,1,12,'66791-6'),
(11947,'983320-Y','ELIAS MOISES CANIUQUEO MORA',20,0,14,'42516-9'),
(11948,'929824-P','GATICA SOTO LUIS GONZALO',21,0,9,'39070-5'),
(11949,'929909-D','ULLOA PARRA LUIS ALBERTO',21,1,9,'45476-2'),
(11950,'943519-T','GUTIERREZ AGUILAR CHRISTIAN ALEJANDRO',21,1,10,'63511-0'),
(11951,'947645-D','PAVEZ CARTER JOAQUIN ALLADUC',21,1,12,'89478-8'),
(11952,'953655-D','MOYA CASTRO ANDREA DEL CARMEN',21,1,12,'89222-6'),
(11953,'964874-U','QUIROZ MUENA FELIPE NTONIO',21,1,13,'23461-5'),
(11954,'973576-S','ARENAS CORNEJO JORGE LUIS',5,1,12,'55121-9'),
(11955,'967500-D','JARA CANALES ENRIQUE MAURICIO',21,1,13,'75899-8'),
(11956,'978714-H','RIFFO ALBORNOZ JOVANNA NATHALI',21,1,13,'93738-4'),
(11957,'984549-T','ORELLANA TAIBO RICHARD THOMAS',21,1,7,'58882-3'),
(11958,'923737-R','CASTILLO ARIAS SERGIO ENRIQUE',22,0,9,'53033-0'),
(11959,'936825-F','BUSTOS MUÑOZ HECTOR HERNAN',22,1,10,'29154-5'),
(11960,'939637-V','SUBIABRE MANCILLA RENÉ LUIS',35,1,9,'73374-6'),
(11961,'942489-V','SEPULVEDA CERDA RICARDO ANTONIO',22,1,10,'71649-8'),
(11962,'959333-G','MELLA SAN MARTIN EDUARDO',22,0,12,'46134-3'),
(11963,'965795-W','RAMIREZ MONTECINOS GASTÓN SEGUNDO',22,1,12,'67704-9'),
(11964,'967447-T','TERAN BAEZA FRANCISCO JESUS',22,1,13,'80366-1'),
(11965,'966051-Y','FREIRE VASQUEZ DANIELA VALENTINA',22,1,13,'58539-9'),
(11966,'978443-A','TRONCOSO SALAZAR JUAN ERNESTO',22,0,13,'89573-2'),
(11967,'986596-D','MEDINA LAGOS DANIEL ALEJANDRO',22,1,13,'33937-9'),
(11968,'957363-C','COLICOI BASTIAS DANIZA LORETO',1,1,5,'61611-3'),
(11969,'931578-S','BARRA FREDES LUIS OSVALDO ',23,1,10,'77230-1'),
(11970,'937877-L','VASQUEZ MORAGA LUIS EDUARDO',23,1,9,'73169-5'),
(11971,'939277-C','SAN MARTIN FERNANDEZ JUAN CARLOS',23,1,11,'56686-5'),
(11972,'942899-Y','MARIMAN SILVA JUAN BAUSTISTA',23,1,11,'54940-0'),
(11973,'943387-X','GUAJARDO FUENTES RODRIGO LEMUEL',23,0,10,'24820-8'),
(11974,'949300-S','MORA CAMPOS ARMANDO ALEX',23,1,12,'56654-3'),
(11975,'949305-K','NEGUIMAN LLAIPEN CARLOS JAVIER',23,1,12,'16970-4'),
(11976,'959771-P','RIFFO RODRIGUEZ JENNY DEL CARMEN',23,1,12,'96940-2'),
(11977,'961880-U','MORAGA LILLO ROBERTO MARCELO',23,1,12,'22096-0'),
(11978,'969982-W','RIVAS AEDO ERICK BERNARDO',23,1,13,'67200-8'),
(11979,'976357-H','SANCHEZ PALACIOS OSCAR NIBALDO',23,1,13,'61334-9'),
(11980,'984867-J','AMESTICA ELGUETA LUIS ALEJANDRO',23,1,14,'55893-6'),
(11981,'975184-F','PINO MUÑOZ HECTOR HADID',23,1,14,'98841-8'),
(11982,'930564-X','BECERRA BECERRA JUAN SEGUNDO',24,1,9,'48843-1'),
(11983,'927050-U','FUENTES SANCHES LUIS ALBERTO',24,1,10,'63527-2'),
(11984,'937322-P','ALMENDRAS QUINTANA MARCEL LEODAN',24,1,10,'69462-8'),
(11985,'956494-Q','BUSTOS VALDEZ CARLOS ANTONIO',24,1,12,'45777-8'),
(11986,'957203-D','FRITZ CABRERA JOEL ANTONIO',24,1,12,'66706-9'),
(11987,'961413-K','CADIZ ROMERO HECTOR HEGIDIO',24,1,12,'73670-7'),
(11988,'960891-W','PALMA SAGREDO ALAN ALEXI',1,1,12,'15201-6'),
(11989,'973388-E','GANGAS SAN MARTIN  TRANSITO ALEXIS',1,0,13,'80073-5'),
(11990,'973184-J','MUÑOZ MUÑOZ JUAN EDUARDO',24,0,13,'72489-0'),
(11991,'983696-N','ROBLES BARRA KATHERINE LIDIA',1,0,14,'46493-9'),
(11992,'946499-T','GACITUA VILLAGRA GONZALO ANDRES',26,1,5,'48439-1'),
(11993,'926914-E','BURGOS CABRERA HERMES',26,1,9,'20031-1'),
(11994,'929728-E','HUILLICAL ORTIZ ELADIO BLADIMIR',26,1,9,'47117-2'),
(11995,'930618-D','PEÑA MORALES ORLANDO RAMIRO ',26,1,9,'38811-0'),
(11996,'928406-U','CANALES GALLEGOS FORTUNATO ANTONIO',25,1,9,'98383-3'),
(11997,'930523-N','ROMERO SEPULVEDA JORGE PABLO',26,1,9,'56288-7'),
(11998,'931748-C','ARIAS CABRERA VICENTE ISAAC',26,0,10,'82997-4'),
(11999,'928043-S','FRANCO SALGADO RICARDO ANTONIO',26,1,10,'82601-1'),
(12000,'934693-R','SILVA CURIMIL CLAUDIO ALDO',26,1,9,'18369-9'),
(12001,'933222-P','RODRIGUEZ SUAZO PEDRO HERNAN',26,1,10,'60041-5'),
(12002,'936002-J','FUENTEALBA FUENTEALBA JORGE LUIS',26,1,9,'69939-2'),
(12003,'931516-C','FUENTES ESCOBAR HUGO FERNANDO',26,1,11,'17105-9'),
(12004,'940627-G','OBREQUE MUÑOZ JOSÉ ELEAZAR',26,1,11,'27247-7'),
(12005,'943266-D','HENRIQUEZ CARRASCO CARLOS ANTONIO',26,1,11,'67958-3'),
(12006,'945355-G','RAMOS RIFO JUAN ENRIQUE',25,1,11,'94965-7'),
(12007,'947525-M','SALGADO UNGRIA ALEXIS JOHN ',26,1,12,'79142-4'),
(12008,'949148-M','BUSTOS MARTEL DAVID ALEJANDRO',26,1,12,'46345-8'),
(12009,'950841-H','ESTRADA SILVA LUCIANO ALBERTO',26,1,12,'93786-6'),
(12010,'952981-L','CASTILLO RUIZ JAVIER RICARDO',26,1,12,'89745-4'),
(12011,'960151-F','GARCIA ORTIZ ARTIDORO IVAN',26,1,12,'90346-4'),
(12012,'960920-E','ZÚÑIGA MARDONES EDUARDO PATRICIO',26,1,12,'96599-7'),
(12013,'962456-X','RIFFO PRADO JUAN ALIRO',26,1,12,'28824-6'),
(12014,'964663-G','LLANQUILEO SANTANDER FERNANDO ',26,1,12,'65397-6'),
(12015,'966171-V','GARRIDO PACHECO JONATHAN ALEJANDRO',29,1,12,'17038-1'),
(12016,'968951-D','OLGUIN SAN MARTIN CLAUDIA ANDREA',26,0,13,'15098-3'),
(12017,'971870-B','CRUCES COSIO RICARDO GERARD',26,1,12,'63474-6'),
(12018,'960843-D','BELTRAN VENEGAS HUGO IVAN',26,1,13,'79908-8'),
(12019,'970185-U','CONTRERAS VERA CRISTIAN ALEJANDRO',26,0,13,'81174-1'),
(12020,'967704-D','FLORES YAÑEZ MIGUEL ANGEL',1,1,13,'74265-6'),
(12021,'970012-Z','VASQUEZ MONTECINOS DILLMAN HERNAN',26,1,13,'92396-0'),
(12022,'981947-P','GAETE BELTRAN DAVID ISAAC',1,1,7,'90395-5'),
(12023,'926358-G','RIJKS HERNANDEZ LUIS ALBERTO',27,1,9,'44266-8'),
(12024,'928744-D','MEZA TERAN JUAN CARLOS',27,1,9,'30224-7'),
(12025,'954381-U','CUEVAS RIQUELME AMADOR DEL CARMEN',27,1,11,'99097-8'),
(12026,'958355-M','LEAL LOBO ARIEL RODRIGO',3,0,12,'98215-6'),
(12027,'957540-A','LEVIQUEO CAROCA CARLOS ALBERTO',27,1,13,'98378-0'),
(12028,'968459-Q','ALARCON CONTRERAS EDUARDO ENRIQUE',27,1,12,'60687-5'),
(12029,'968892-T','CARTES AGUILERA VIVIANA NADREA',27,0,13,'96633-4'),
(12030,'979082-V','JARA MUÑOZ VICTOR ALFONSO',27,1,12,'20152-5'),
(12031,'980329-E','IBACA MENDEZ LUIS ARMANDO',27,1,13,'60110-1'),
(12032,'970489-D','MORALES SILVA SAMUEL ALEJANDRO',27,1,13,'42916-5'),
(12033,'977259-Q','MANRIQUEZ GARCIA MAGDIEL JONATHAN',27,1,13,'64446-8'),
(12034,'971324-T','ANDRADE GAJARDO JONATHAN DANIEL',27,1,13,'18670-3'),
(12035,'988317-W','FICA  PEREZ JUAN MANUEL',27,1,14,'34064-3'),
(12036,'983804-K','MUÑOZ REYES CLAUDIO HUMBERTO',27,1,13,'43669-3'),
(12037,'983813-B','PARRA CARDENAS JACOB ABSALON',27,1,14,'14494-5'),
(12038,'936184-D','MENA INZUNZA LUIS JOVINO',28,1,10,'53312-2'),
(12039,'938965-V','GUZMAN SANHUEZA JORGE RUBEN',28,1,9,'82720-7'),
(12040,'944221-Z','RIFFO NOVOA NELSON RUFFINO',28,0,10,'51742-6'),
(12041,'952934-L','SALAZAR CEA HECTOR MANUEL',28,1,12,'35877-8'),
(12042,'951834-P','GONZALEZ AGUILAR  MANUEL ALEJANDRO',28,1,12,'90997-7'),
(12043,'958655-J','KAUZLARICH URRUTIA OSCAR ALEJANDRO',28,1,12,'72117-9'),
(12044,'963318-D','REYES CASTRO YANELA SOLAGNE',28,0,13,'78755-5'),
(12045,'972107-U','COLIPI TORRES  REINALDO ESTEBAN',28,1,13,'56884-5'),
(12046,'972167-X','PAREDES  PEREIRA JOSE ALEJANDRO',28,0,13,'83851-7'),
(12047,'971504-Z','SALDAÑA ERICES EDUARDO ENRIQUE',28,1,13,'32292-1'),
(12048,'980959-E','AGUILAR PEREZ  MARIO ENRIQUE',28,0,13,'81408-8'),
(12049,'976755-G','CID TORRES JULIO CESAR',28,0,13,'43807-5'),
(12050,'983264-U','RIVERA ESPINOSA MARIA JOSE',28,0,14,'93254-9'),
(12051,'985715-J','AREVALO ALARCON FERNANDO HUMBERTO',28,1,14,'46159-4'),
(12052,'982221-Q','LOPEZ HERNANDEZ RODRIGO ALEJANDRO',29,1,7,'50720-4'),
(12053,'934630-V','URQUIZA MATAMALA JUAN CARLOS',29,1,10,'35412-9'),
(12054,'940088-G','CABELLO PAREDES RICARDO BENITO',29,1,11,'70992-4'),
(12055,'940274-N','MEZA LIZAMA CARLOS ANDRES',29,0,11,'87880-4'),
(12056,'942926-J','PARRA OLIVARES JUAN ENRIQUE',29,0,10,'17169-3'),
(12057,'953377-E','VALENZUELA VALERIA RICARDO OLEGARIO',29,1,12,'28941-4'),
(12058,'972229-D','CARRASCO SANZANA MARCELO ANDRES',29,0,13,'21862-4'),
(12059,'972762-B','CARIQUEO LEAL FREDY ESTEBAN',29,0,13,'65928-3'),
(12060,'982191-B','LEAL ARAVENA RAMON LUIS',29,0,14,'27295-9'),
(12061,'000139-D','PANES PANES LEONARDO ARIEL',29,1,15,'57268-9'),
(12062,'926439-J','BOLIVAR VEJAR SIMÓN ARTURO',30,1,9,'70764-0'),
(12063,'922935-F','SÁNCHEZ HENRÍQUEZ VÍCTOR EDUARDO ',30,1,9,'13401-8'),
(12064,'940639-L','RICKEMBERG PORMA RAFAEL FEDERICO ',1,0,11,'92485-2'),
(12065,'943720-G','RUIZ CONCHA HELSON ALBERTO',30,1,10,'12248-7'),
(12066,'943636-Y','ANDRADES GALLEGOS ELVIS OMAR',30,1,11,'20452-2'),
(12067,'944123-P','SALINAS LOYOLA EVELYN MARCELA ',30,1,11,'37340-2'),
(12068,'944933-K','FONSECA ARAVENA RODRIGO ALBERTO',30,1,11,'19919-1'),
(12069,'953572-S','AZÓCAR ALARCÓN YOHANA PAMELA ',30,1,12,'57357-1'),
(12070,'957880-Y','CARVALLO VALDEBENITO HECTOR ALFREDO ',30,0,12,'45145-2'),
(12071,'959279-S','TOLEDO CONTRERAS MILTON CESAR',30,1,12,'18330-4'),
(12072,'961978-H','MALDONADO SEPÚLVEDA MIGUEL ALLAN ',30,0,13,'70175-3'),
(12073,'968278-S','MARINAO CURIHUAL MAURICIO ESTEBAN ',30,0,12,'97213-0'),
(12074,'967267-E','CARRIL TRANAMIL CLAUDIO ALEJANDRO ',30,0,13,'15883-2'),
(12075,'972293-W','LAGOS OLATE CESAR APOLINAR',30,1,12,'75567-9'),
(12076,'978459-J','AGUILERA PINTO EDGARDO ANDRÉS ',23,1,13,'85686-4'),
(12077,'978348-S','FUENTES GUTIÉRREZ HECTOR ANDRÉS ',30,0,13,'99762-2'),
(12078,'978386-H','MONSALVE TORRES JOSÉ FELIPE',30,1,13,'90030-5'),
(12079,'978458-R','AEDO SOTO IGNACIO HILARIO',30,1,13,'80308-1'),
(12080,'986921-A','GONZÁLEZ SÁEZ CAMILO EDUARDO ',30,1,14,'48750-3'),
(12081,'984820-P','HUENTEMILLA YAUPI ERIC JONATHAN ',30,1,14,'11359-5'),
(12082,'982135-A','INOSTROZA VALENZUELA RODRIGO MAURICIO ',30,0,14,'69751-8'),
(12083,'992520-J','ZÚÑIGA NAVARRO GUILLERMO HERNÁN ',30,1,14,'30869-8'),
(12084,'930177-T','RUBILAR CISTERNA  ANSELMO PATRICIO ',39,1,9,'30575-3'),
(12085,'930016-M','REBOLLEDO JARA EMLIO BLAS ',39,1,9,'80823-7'),
(12086,'941696-T','SANCHEZ SOBARZO JULIAN AARON ',31,1,10,'59746-6'),
(12087,'940703-M','ARAVENA QUINTANA JORGE EDUARDO ',36,1,10,'65129-0'),
(12088,'952870-G','ALARCON PARADA MARCO ANTONIO ',28,1,11,'46055-9'),
(12089,'959524-Y','ESPINOZA MEDINA GONZALO HERNAN ',30,1,12,'92053-4'),
(12090,'962443-S','MUÑOZ MIRANDA PEDRO SEBASTIAN ',30,1,12,'12691-0'),
(12091,'958088-E','LAVIN LLANQUILEF CRISTIAN ALEJANDRO',3,1,12,'22778-5'),
(12092,'963798-F','NOWGENSK NOWGENSK PABLO ANDRES ',30,1,12,'61331-2'),
(12093,'959379-W','YAÑEZ MORALES ROBERTO CARLOS',28,1,12,'60993-4'),
(12094,'966310-C','VIDAL RIVAS NELSON CAMILO',29,1,12,'98056-9'),
(12095,'961992-Q','PALMA NAVARRETE JORGE ANDRES',1,1,12,'77837-8'),
(12096,'969976-F','QUIROZ PINCHEIRA RODRIGO ARIEL',24,1,13,'40422-6'),
(12097,'970409-M','PEREZ BRIONES GISELA VALESKA ',30,1,13,'30854-5'),
(12098,'976907-S','FLORES PEDREROS IVAN HERMINDO',31,1,13,'38370-4'),
(12099,'967494-K','GODOY SOTO DAVID JOAQUIN ',31,1,13,'55821-2'),
(12100,'979108-L','OLIVARES LAZCANO NICOLAS ESTEBAN ',31,1,13,'43800-2'),
(12101,'972972-W','SEGUEL VERGARA NATANIEL OVANDO',1,0,12,'11037-4'),
(12102,'979374-M','SEPULVEDA MARILEO MARCELO ANDRES ',30,1,13,'30587-9'),
(12103,'979572-C','DUHALDE FAUNDEZ FELIPE HUMBERTO',31,1,13,'32559-9'),
(12104,'971598-X','QUILODRAN DIAZ PABLO ALFREDO',3,1,12,'19767-5'),
(12105,'979062-G','CONA QUEUPUTRU MARCELO',39,1,13,'90954-8'),
(12106,'977955-S','CURIHUAL VALENCIA FREDY JAVIER ',29,1,13,'66745-2'),
(12107,'976952-W','NAVARRETE ZAPATA MURIEL ELISEO',30,1,13,'81635-3'),
(12108,'985814-E','SANHUEZA ANTINAO CRISTIAN ANDRES ',1,0,13,'27167-4'),
(12109,'985239-V','LOYOLA ROJAS ROBERTO ARNOLDO',1,1,13,'81568-5'),
(12110,'984254-T','SAEZ SILVA JESUS ANDRES',32,1,7,'17053-2'),
(12111,'931311-N','MANCILLA ESPINOZA FREDY HERNAN',32,0,9,'29691-5'),
(12112,'946301-C','GONZALEZ PLACENCIA JUAN EDUARDO',32,1,10,'88280-8'),
(12113,'942331-V','JOHNY ALEJANDRO ESTRADA RIOS',32,0,10,'14296-5'),
(12114,'949295-H','OSCAR ALFONSO MANSILLA MALDONADO',32,1,12,'31489-6'),
(12115,'956999-S','LEPE MARTINEZ MARCELO ALEJANDRO',32,1,12,'56981-7'),
(12116,'965176-Z','CARMONA SEITZ GUIDO ALBERTO',32,1,12,'94348-4'),
(12117,'969237-A','VALDEBENITO HERNANDEZ JAIME VICTOR',32,0,13,'76280-3'),
(12118,'976968-E','PINCHEIRA ABARZUA SERGIO ALCIDES',29,1,12,'88989-2'),
(12119,'976982-M','RIBERA MORALES LUIS RICHARD',32,1,12,'34812-7'),
(12120,'979680-M','WIEMBERG HIGUERA EMERSON FERNANDO',32,0,13,'47471-3'),
(12121,'977104-W','GONZALEZ PEREZ LUIS ALEJANDRO',27,1,13,'26183-6'),
(12122,'965215-Y','MOYA CARRASCO HERBERT ANGEL',32,0,12,'58451-4'),
(12123,'924908-X','ABURTO COFRE ERWIN ALBERTO',33,0,9,'19656-9'),
(12124,'931741-V','ALARCON RUIZ HECTOR NICOLAS',33,1,10,'33933-3'),
(12125,'932429-N','SOTO ABURTO ANDRONICO ALEX',33,1,9,'27414-4'),
(12126,'943635-X','ALVAREZ GALLARDO CARLOS ALBERTO',33,1,11,'25416-6'),
(12127,'943634-W','ALVARADO MARCHANT PEDRO FRANCISCO',33,1,11,'92798-4'),
(12128,'967649-M','PEREZ PAILLAN PABLO FERNANDO',33,1,12,'50757-1'),
(12129,'962490-W','CARMONA ASENJO BARBARA MARCELA',33,0,13,'77841-2'),
(12130,'969198-C','RAPIMAN SANCHEZ GERMAIN ERNESTO',33,1,13,'58320-2'),
(12131,'976972-S','PINUER ZAPATA CARLOS CHENTE',33,1,13,'36037-2'),
(12132,'976935-M','MARTINEZ MONCHI RODRIGO HERNAN',33,1,13,'57349-1'),
(12133,'976742-B','BOBADILLA LAURY JONATHAN ORLANDO',33,1,13,'60485-9'),
(12134,'931763-T','CARRASCO HERNANDEZ HECTOR',34,1,10,'16582-4'),
(12135,'941530-Y','ANGULO GONZALEZ CLAUDIO ANDRES',34,1,10,'62413-1'),
(12136,'941528-S','ANDRADE ANDRADE JAVIER IVAN',34,1,11,'83698-4'),
(12137,'955080-X','CARDENAS AGUILA LUIS ALFREDO',34,0,11,'38464-1'),
(12138,'961586-R','ALVAREZ MILLACHINE RODRIGO ALEJANDRO',34,1,12,'11455-8'),
(12139,'963763-B','DIAZ RUIZ JOSE ELIAS',34,1,13,'92120-2'),
(12140,'972865-T','ALARCON URIBE CARLOS ANDRES',34,1,13,'75009-4'),
(12141,'963807-Z','QUILAQUEO MORENO GUILLERMO',34,1,13,'54821-4'),
(12142,'974630-V','VOLKE SANTIBÁÑEZ JUAN SERGIO',34,1,13,'40855-3'),
(12143,'986869-W','VIDAL GONZALEZ LUIS GONZALO',34,1,14,'11436-1'),
(12144,'921643-Z','PROVOSTE ALARCON JORGE GASTON',35,1,9,'19413-2'),
(12145,'924493-F','SANCHEZ MEDEL ROBERTO HUMBERTO',35,1,9,'43641-5'),
(12146,'932425-A','SALAZAR VILLARROEL LUIS IVAN',33,1,9,'25315-8'),
(12147,'932428-M','SANCHEZ AÑAZCO RAMON ORLANDO',35,1,10,'79403-8'),
(12148,'944592-N','PINEDA PINEDA ALEX OSVALDO',35,1,11,'44249-9'),
(12149,'953250-K','RAMIREZ CONTRERAS MIGUEL ANGEL',35,1,12,'20299-9'),
(12150,'953729-F','CANOBRA CANOBRA HUGO PATRICIO',33,1,12,'31084-5'),
(12151,'957142-X','PIZARRO CAMPOS ROQUE SEBASTIAN',5,1,11,'12790-0'),
(12152,'985374-U','HENRIQUEZ CARDENAS RICARDO DANILO',5,1,13,'82921-4'),
(12153,'993146-Q','PULIDO TENORIO KAREN JOHANA',35,0,14,'32920-0'),
(12154,'925856-K','RODRIGUEZ HUENCHUÑIR NELSON JUAN',2,1,9,'59264-9'),
(12155,'931957-N','DONOSO GARRIDO ADIN GONZALO',36,1,10,'54469-2'),
(12156,'933980-L','QUIÑONES CACERES FRANCISCO LEONARDO',2,1,9,'15548-8'),
(12157,'935997-B','CONCHA INALAF NESTOR ALEXANDRO',36,1,10,'23664-0'),
(12158,'936997-C','POO SARAVIA VEDINSON RENE',36,1,9,'29321-2'),
(12159,'936966-I','JARA ACUÑA GERMAN ESTEBA',36,1,10,'47852-2'),
(12160,'944929-X','FLOREZ VARAS EDUARDO VICENTE',36,1,11,'29386-5'),
(12161,'944852-S','JORQUERA REYES MIGUEL ANDRES',16,1,10,'77187-5'),
(12162,'945008-H','CUEVAS CARVAJAL PAUL HAROLDO',1,1,10,'68060-6'),
(12163,'945619-H','AGUAYO QUINTERO PATRICIA VERONICA',36,1,11,'24521-0'),
(12164,'963767-F','GARCIA ESPINOZA PATRICIO EDUARDO',36,1,13,'81922-5'),
(12165,'934418-M','CHACON CARCAMO MARCELO DEL CARMEN',37,0,9,'45291-5'),
(12166,'939020-S','ROA OBANDO VICTOR HERNAN',37,1,9,'35978-6'),
(12167,'941357-E','LAGOS AGUILLON PABLO HUMBERTO',37,1,11,'42611-3'),
(12168,'942155-V','GONZALEZ LEON PATRICIO ALEJANDRO',37,1,11,'95893-2'),
(12169,'944286-T','ESPINOZA CHOAPA PEDRO ALEJANDRO',3,1,10,'33628-3'),
(12170,'945933-L','ESCOBAR QUINTEROS LEONOR DE LOURDES',18,1,10,'63553-0'),
(12171,'946713-Y','QUINTANA ZUÑIGA PATRICIO ALEJANDRO',37,0,11,'63642-2'),
(12172,'956498-U','CANELO VENEGAS JUAN CARLOS',37,1,12,'72253-4'),
(12173,'972340-Q','PIRCE CHAOL JONATHAN ALEXIS',28,1,12,'50143-3'),
(12174,'986925-E','GUARDIA GONZALEZ GERMÁN OSVALDO ',30,1,13,'58570-0'),
(12175,'942564-X','MEDEL SOTO MARCELO SANTOS',2,1,5,'35150-6'),
(12176,'984510-Q','LUCERO MELLA CATALINA BELEN',3,1,7,'84924-7'),
(12177,'960853-F','CARRASCO VERA GUILLERMO ENRIQUE',5,1,12,'73018-7'),
(12178,'987482-C','PARRA ARIAS ROLANDO LEONCIO',34,1,7,'21371-8'),
(12179,'972308-M','NOWGENSK NOWGENSK JULIO CÉSAR',2,1,13,'99614-1'),
(12180,'989228-E','MUÑOZ URRUTIA PAMELA FERNANDA',1,1,14,'93892-7'),
(12181,'984614-L','ZENTENO BRICEÑO ROCIO',3,1,7,'64835-7'),
(12182,'953047-X','CARRASCO VALENZUELA JOSÉ',3,1,5,'55804-3'),
(12183,'972807-S','LUCK PEREZ ERIC WENER',35,1,12,'65359-2'),
(12184,'968751-L','PEREZ PEÑA CRISTIAN EUGENIO',5,1,12,'55880-1'),
(12185,'979257-Q','TORRES MILLA MICHAEL ANGELO',5,1,13,'19320-4'),
(12186,'964976-S','MORALES GUERRA JIMENA',5,1,13,'41917-6'),
(12187,'006981-L','CABELLO CESPEDES MARCO',5,0,15,'77163-3'),
(12188,'956555-U','SANCHEZ MOSCOSO PABLO',3,1,12,'21062-2'),
(12189,'957518-Y','BUSTOS NAVARRO GONZALO FRANCISCO',35,1,11,'48143-8'),
(12190,'966902-T','ARAYA UBILLA SEBASTIAN',20,1,12,'22431-3'),
(12191,'970133-X','VALLEJOS CARDENAS ERWIN',3,1,13,'90378-6'),
(12192,'976192-M','NEIRA GUAJARDO MORELIA ESTELA',3,1,13,'88594-9'),
(12193,'977392-W','HERRERA RIVAS MARYORI ANGELICA ',3,1,13,'22370-7'),
(12194,'977021-M','VERA JARAMILLO SERGIO',3,1,13,'20935-8'),
(12195,'976621-S','ZEPEDA TORRES CARLOS',3,1,13,'74274-5'),
(12196,'980547-Z','VALDEBENITO NAVARRETE MAGDALENA',3,1,14,'28970-9'),
(12197,'988543-Z','VILLALOBOS JOFRE FERNANDO ELISEO',3,1,13,'86587-2'),
(12198,'992430-Q','DE LA FUENTE MENDEZ JOSE',3,1,13,'76056-5'),
(12199,'985739-S','CARRILLO LOPEZ VICTOR',3,1,14,'55786-6'),
(12200,'987830-L','GONZALEZ VERGARA MARIA JOSE',3,1,13,'33610-3'),
(12201,'989113-K','VARGAS GONZALEZ BRYAN',3,1,14,'20347-0'),
(12202,'996541-P','SOTO SOTO MATIAS',3,1,14,'90527-5'),
(12203,'997336-J','CACERES CACERES ANGEL LEONARDO',3,1,14,'42147-6'),
(12204,'001359-N','RODRIGUEZ FAUNDEZ NICOLAS FERNANDO',3,1,14,'57857-6'),
(12205,'953046-W','CARMONA TORRES ROLANDO',4,1,5,'39074-1'),
(12206,'979854-F','ROSALES APABLAZA CHRISTIAN',4,0,7,'32368-0'),
(12207,'982163-N','JÍMENEZ RODRIGUEZ JAVIERA',4,0,7,'71294-7'),
(12208,'968734-B','MARTINEZ CARVAJAL ORLANDO',4,0,13,'48124-1'),
(12209,'967409-E','SEPULVEDA QUINTANA ALBERTO',4,0,13,'84916-7'),
(12210,'968833-X','MUÑOZ ARAVENA VICTOR',4,0,13,'14424-9'),
(12211,'964438-X','GAJARDO CONCHA RODRIGO ANTONIO',4,1,12,'89691-9'),
(12212,'980191-M','JAQUE SALAMANCA PABLO',3,1,12,'28126-1'),
(12213,'984769-F','ALVAREZ MARQUEZ NICOLE',3,1,13,'19662-1'),
(12214,'997772-X','CARVAJAL CERNA JOSELYN',4,1,14,'73717-1'),
(12215,'997785-M','FÉRNANDEZ REYES YOLANDA',4,0,14,'85910-1'),
(12216,'984860-X','PALMA MORENO LUIS EDUARDO',4,1,13,'97072-1'),
(12217,'989575-S','PENROZ PENROZ GABRIEL',4,0,14,'67714-7'),
(12218,'001691-U','LIZAMA PINEDA DANIELA ROXANA',4,1,14,'27961-2'),
(12219,'997562-M','LUGO MARIN LUIS',4,0,14,'38428-5'),
(12220,'989334-Y','MARIN VERGARA MAURICIO',4,0,14,'69051-5'),
(12221,'993131-C','VILLARROEL VILLARROEL MARIANA SOLEDAD',35,1,13,'76026-1'),
(12222,'993480-L','RUIZ ROSALES SERGIO ALFREDO',4,1,13,'19011-8'),
(12223,'995209-A','CONTRERAS GAMÍN FRANCISCO',4,0,14,'25705-6'),
(12224,'986201-Z','ROZAS CONA FRANCISCO',3,1,13,'17360-0'),
(12225,'984438-L','BLANCH MULLER JORGE ANTONIO',11,1,7,'34276-7'),
(12226,'968458-P','YEVENES BRAVO MICHEL CLAUDIO',1,0,12,'80578-5'),
(12227,'970223-H','LEIVA ORTIZ MIGUEL ENRIQUE',2,1,13,'90003-8'),
(12228,'959213-G','FARFAN CASTILLO LEONIDAS MAURICIO',1,1,12,'47871-9'),
(12229,'949829-G','URBINA CASTRO GONZALO RODRIGO',2,1,5,'86179-6'),
(12230,'964981-Q','ORMAZABAL MARECHAL SOLANGE',4,0,13,'33745-1'),
(12231,'968633-E','QUIJADA QUIJADA CLAUDIO',4,0,13,'83887-5'),
(12232,'997475-N','VIRA PEREZ DANIEL',4,0,13,'43740-5'),
(12233,'967160-F','GUTIERREZ SUAREZ MARÍA JOSÉ',4,1,12,'64733-0'),
(12234,'948954-C','MANSILLA CÁRCAMO HARDY',8,1,5,'21669-9'),
(12235,'947909-F','JARA YAÑEZ ALEJANDRA TERESA',8,1,11,'59982-0'),
(12236,'982990-Q','VALENZUELA MARICOI JONATHAN CRISTOPHER',8,1,7,'47533-8'),
(12237,'961303-D','BARROS MANZUL ESTEBAN DANIEL',14,1,12,'23383-0'),
(12238,'984605-U','VARAS ALDAY FERNANDO ELIAS',3,1,7,'46548-3'),
(12239,'985199-N','CASTILLO NAHUELÑIR VIVIANA ALEJANDRA',30,1,14,'17573-3'),
(12240,'949785-C','MARIN LAZO PATRICIO ALEJANDRO',1,0,5,'50856-1'),
(12241,'982128-K','IBARRA CORDOVA FRANCISCO ANDRES',1,1,7,'36993-5'),
(12242,'981966-J','GALLEGOS POLANCO CRISTIAN EDGARDO',28,1,7,'26891-9'),
(12243,'986838-P','RAMOS PAIRICAN SEBASTIAN GABRIEL',1,0,13,'85301-8'),
(12244,'979757-M','CABRERA COSTA ALDO ANTONIO',10,1,7,'78116-8'),
(12245,'965836-P','CABEZAS OLIVARES JUAN ARMANDO',7,1,12,'58891-2'),
(12246,'993231-M','ESPINOZA SOTO JUAN ANDRES ',10,0,14,'15163-3'),
(12247,'970277-P','ROCHA ARROYO DAVID ANDRES',12,1,13,'67085-9'),
(12248,'983012-B','VASQUEZ MUÑOZ FERNANDO ANTONIO',13,1,7,'35864-3'),
(12249,'960415-Y','GARRIDO ONEL ESTER DEL CARMEN',14,1,12,'55940-8'),
(12250,'962307-A','BASTIAS CHEUQUEPAL RODRIGO ARTURO',14,1,12,'86372-1'),
(12251,'980938-Z','FERNANDEZ RAMIREZ CARLOS RODRIGO ',15,1,14,'20626-2'),
(12252,'984969-Y','MORA VALENZUELA MARÍA DE LOS ÁNGELES',15,1,13,'32264-5'),
(12253,'999126-J','PALMA CAMPOS CRISTOBAL FELIPE',15,1,14,'21678-8'),
(12254,'999383-U','GONZALEZ CARRASCO RODRÍGO ANDRÉS ',15,1,14,'55903-3'),
(12255,'988222-X','LILLO GUERRERO FELIX EDUARDO',17,1,7,'81002-8'),
(12256,'977548-A','MEDINA DUARTE YOVANY ANDRES',18,1,13,'23368-9'),
(12257,'987681-K','HERNANDEZ YURISCH JOSE IGNACIO',18,1,14,'42693-5'),
(12258,'998674-E','ALVARADO RAMOS LUIS ANDRES',18,1,14,'75844-3'),
(12259,'949466-C','CARRIEL LOPEZ HECTOR RICARDO',19,1,12,'19724-6'),
(12260,'998215-S','ORTIZ PAVEZ VALERIA KIMBERLY',19,1,14,'75881-8'),
(12261,'987166-N','NICOLAS BENJAMIN CONCHA MIRANDA',23,1,7,'65884-6'),
(12262,'992042-J','MEDINA ARANEDA ESTEBAN ARCANJEL',27,1,14,'57191-1'),
(12263,'954940-G','GALLARDO GALLARDO CRSTIAN ALEJANDRO',28,1,12,'12669-8'),
(12264,'972305-A','MÉNDEZ OBREQUE JONATHAN ALEJANDRO',30,1,12,'29176-9'),
(12265,'949772-N','GONZALEZ URBINA JUAN LEONARDO',2,1,5,'83709-0'),
(12266,'968808-P','FUENTES RODRIGUEZ SERGIO ANDRES',19,1,12,'41036-2'),
(12267,'949562-C','VALENZUELA GONZALEZ EXEQUIEL IVAN',32,1,12,'33310-6'),
(12268,'978845-D','RAMIREZ ALARCON SERGIO AJEJANDRO',34,1,13,'91926-0'),
(12269,'967569-D','ADIO MARIN CARLOS ESTEBAN',35,1,12,'23107-4'),
(12270,'973034-N','DIAZ SAAVEDRA DANIEL EDUARDO',35,1,12,'94663-2'),
(12271,'971566-W','JARA CONTRERAS CARLOS JESÚS',36,1,13,'31359-3'),
(12272,'945950-H','CARMEN GLORIA LABRIN CRISOSTOMO',37,1,11,'93888-3'),
(12273,'968898-H','CISTERNA SOLAR MARISOL CECILIA',37,1,13,'91406-9'),
(12274,'979846-F','RAMÍREZ MIRANDA JOSÉ JEAN PIERE',9,1,7,'42834-4'),
(12275,'930844-Y','SANDOVAL SOBARZO RODOLFO',3,1,9,'48943-0'),
(12276,'939094-R','IBARRA PIZARRO RODOLFO',3,1,11,'44654-8'),
(12277,'995104-R','GONZÁLEZ GAYTAN RUBEN',3,1,14,'93110-2'),
(12278,'997440-X','ROVAS SANDOVAL JULIO',3,1,14,'41570-5'),
(12279,'954175-V','TORRES RAMIREZ BARBARA ANDREA',2,1,9,'41083-5'),
(12280,'971633-Z','BUSTAMANTE LOPEZ CLAUDIA ALEJANDRA',1,1,13,'71852-1'),
(12281,'988589-Y','JARA SAAVEDRA DIEGO FELIPE',1,1,13,'81267-9'),
(12282,'958136-S','ADONIS MUÑOZ JUAN ANDRES ',10,1,12,'72381-9'),
(12283,'925225-J','MONDACA MONJE JORGE PEDRO',1,1,2,'39052-7'),
(12284,'970074-F','MANSILLA SABALA ERWIN ARIEL',33,1,12,'58321-1'),
(12285,'961543-V','ORIAS PICHIPILLAN CAROLINA',29,0,12,'47341-0'),
(12286,'001723-T','MUÑOZ OLIVA SANDRA VALENTINA',15,1,14,'92186-4'),
(12287,'950612-B','MANRIQUEZ MIRANDA JOSE',25,1,12,'36499-4'),
(12288,'979020-A','SEPULVEDA MERINO VICTOR',25,1,13,'63098-2'),
(12289,'955885-P','ROJAS OYARZO MARÍA',1,1,11,'85130-5'),
(12290,'964320-C','RIVERA RIVERA JONATHAN',1,1,12,'81772-7'),
(12291,'964870-C','OTAROLA PUENTES GAMALIEL',1,1,12,'93939-1'),
(12292,'943876-Z','MUÑOZ AVILA CARLOS PATRICIO',3,0,4,'52471-2'),
(12293,'940177-D','RIQUELME GONZÁLEZ RICARDO ENRIQUE',3,1,11,'71222-3'),
(12294,'989579-E','PINO SOTO MANUEL ARTURO',3,1,13,'41218-2'),
(12295,'934237-P','CANEO FARIAS JUAN PABLO',25,1,3,'56238-7'),
(12296,'989162-U','CORTES SANTANGELO CAMILA NICOLE',15,1,14,'50032-7'),
(12297,'982132-F','IMILAN MUÑOZ MIGUEL',32,0,13,'18016-5'),
(12298,'986343-W','SAEZ ZAVALA MAYCOL ANDRES',3,1,13,'72861-8'),
(12299,'996451-M','ERICES MENDOZA FELIPE ESTEBAN',28,1,14,'41610-6'),
(12300,'995394-K','RAMIS ESPINOZA PATRICIO RAUL',5,0,14,'65192-3'),
(12301,'997118-Q','SILVA GOMEZ GERARDO ALEXIS',3,1,14,'13837-2'),
(12302,'997602-W','PAVEZ HIDALGO VICTOR MANUEL',2,1,14,'60331-4'),
(12303,'994691-L','VENEGAS SUAZO PABLO ANDRES',27,1,14,'92128-4'),
(12304,'988505-U','REYES ULLOA JOSE MIGUEL',1,0,13,'56057-6'),
(12305,'981448-T','ARANEDA VEGA CRISTIAN ADRIAN',1,0,13,'21638-6'),
(12306,'994673-Z','MEDINA CARTES GUILLERMO ISAAC',2,1,14,'13284-1'),
(12307,'921690-V','ABARZUA ORELLANA GABRIEL ARCANGEL',1,1,9,'22223-5'),
(12308,'933460-S','MUÑOZ GALLEGOS JOSE NICANOR',2,1,9,'61260-8'),
(12309,'942501-Z','VERGARA BARRERA VICTOR HERNAN',1,1,10,'59744-8'),
(12310,'954732-T','OSSES LARA JOSE RUBEN',1,1,11,'33465-0'),
(12311,'952472-V','MEDINA SEPULVEDA FREDDY ESTEBAN',2,1,12,'42272-4'),
(12312,'632485-J','PETERS BARRERA MARIA ELENA',1,1,16,'53753-9'),
(12313,'001363-A','ROZAS CANDIA JOSE DEL TRANSITO',5,1,14,'18442-9'),
(12314,'983520-R','MUÑOZ GAETE GABRIELA ALEJANDRA',4,0,13,'33589-1'),
(12315,'987426-B','POBLETE ULLOA MYRIAM ALEJANDRA',26,1,7,'92683-2'),
(12316,'976630-F','ARIAS JARA GERARDO ANTONIO',5,1,13,'61349-2'),
(12317,'989179-D','GARRIDO FUENTEALBA DANIELA VALESKA',5,0,14,'19369-7'),
(12318,'989008-E','RECABAL MUÑOZ RICHARD HERNAN',5,1,14,'25801-9'),
(12319,'987431-G','VILCHES FIERRO LEONARDO MATIAS',2,1,8,'95008-3'),
(12320,'992241-W','MENDOZA RIVERA JUAN PABLO',2,1,8,'36229-0'),
(12321,'987485-F','POBLETE FUENZALIDA CLAUDIO ANDRES',2,0,8,'53676-3'),
(12322,'974833-M','GONZALEZ SEPULVEDA LUIS ARMANDO ',2,1,13,'94370-6'),
(12323,'994663-X','CELEDON OLAVE CESAR ORLANDO ',2,1,14,'86944-9'),
(12324,'996306-U','GOMEZ BELLO GASTON GUILLERMO ',1,1,14,'53398-0'),
(12325,'981598-J','BULNES AMAYA GENESIS DEL PILAR ',3,1,7,'71830-7'),
(12326,'987521-A','TORRES TORRES CLAUDIO ANDRES ',1,1,7,'91207-0'),
(12327,'965007-U','TRIVIÑOS FERNANDEZ LEILA EVELYN ',3,1,12,'43335-6'),
(12328,'976294-T',' 	GAJARDO OROSTEGUI NIBALDO ANTONI ',3,1,13,'26524-3'),
(12329,'001102-W','FUENTES CAMILO MATIAS NICOLAS ',3,1,14,'13980-8'),
(12330,'995386-K','PARRA LAGOS HECTOR PATRICIO ',3,1,13,'20447-9'),
(12331,'987554-K','ALIAGA MONTOYA NICOLAS MARCELO ',4,0,8,'93439-6'),
(12332,'969850-M',' 	NAVARRETE CAMPOS PABLO CESAR ',4,1,13,'74844-5'),
(12333,'986964-M','RETAMAL VERGARA SERGIO OCTAVIO',4,1,13,'70697-2'),
(12334,'001143-W','MARTINEZ ROBLES CARLOS DANIEL ',4,1,14,'58402-3'),
(12335,'001740-Q','PEREIRA FLORES MACARENA ALEJANDRA ',4,0,14,'53973-3'),
(12336,'950874-A',' 	MARCO GASTON LEAL CANALES',38,1,11,'65161-0'),
(12337,'980225-W',' 	PINCHEIRA ARCE HECTOR ARIEL ',27,1,13,'70525-9'),
(12338,'986116-B','CORIA OPORTUS ALFREDO ANDRES ',38,1,14,'39663-8'),
(12339,'000405-H','SEPULVEDA ACUÑA LUIS ALBERTO ',38,1,14,'65559-0'),
(12340,'999926-L','HOPPE MONTECINOS BRYAN JEAN ',27,1,14,'34381-9'),
(12341,'982931-G','TOLEDO GUICHAPANI IVAN FERNANDO ',34,1,13,'61650-6'),
(12342,'983102-K','ZAPATA LAGOS CRISTIAN MAURICIO ',27,1,13,'74110-2'),
(12343,'987552-R','YAÑEZ BRAUN SEBASTIAN IGNACIO ',27,1,7,'76600-5'),
(12344,'984959-W','MARDONES VIDAL LEONARDO NICOLAS ',12,1,7,'29728-1'),
(12345,'987436-D','GAETE REYES MARCO ANDRES ',35,1,7,'74039-0'),
(12346,'982065-P','GUTIERREZ MONSALVE EMILIO JOSE ',31,1,7,'54311-1'),
(12347,'968226-E','ARAVENA PALMA MAURICIO ALEX ',1,1,13,'72717-3'),
(12348,'985926-E','PICHINGUALA STUARDO CAMILO FRANCISCO ',1,1,13,'25285-5'),
(12349,'997353-T',' 	CHAVEZ MUNOZ CARLOS SEBASTIAN ',1,1,14,'11175-7'),
(12350,'995523-C','ULLOA JUICA GLORIA ALEJANDRA',1,1,14,'77142-8'),
(12351,'999023-N','CARRILLO CARRILLO MARCIAL ANTONIO ',1,0,14,'22112-9'),
(12352,'945912P','AZOCAR QUIJADA RINA ',2,0,11,'25702-9'),
(12353,'960008-L','SEPULVEDA ALFARO CRISTIAN',5,0,12,'89897-1'),
(12354,'973340-R','TAMAYO ARAVENA CARLA ALEJANDRA',4,1,13,'48632-6'),
(12355,'989198-Z','IBACETA MUÑOZ JENNIFER MACARENA',1,1,13,'34268-7'),
(12356,'004107-W','LOBOS MUÑOZ JORDAN ',4,0,14,'74811-4'),
(12357,'989196-P','HUAIQUIL SOTO MARIELA YAMILET',2,0,14,'88879-5'),
(12358,'987804-P','ESCOBAR YEVENES LORETO ANDREA ',12,0,13,'61976-3'),
(12359,'993018-K','ALVAREZ AHUMADA STEFANY ANDREA',1,1,13,'58046-5'),
(12360,'971640-L','CARCAMO OSORES SARA ALEJANDRA  ',3,1,13,'60059-5'),
(12361,'970477-G','MARTINEZ FIGUEROA GASTON EDUARDO ',2,1,13,'53563-9'),
(12362,'965738-C','CALDERON FUENZALIDA RONY HERNAN',14,1,12,'85740-7'),
(12363,'972177-Z','SANCHEZ PARANCAN JAVIER ALEJANDRO ',18,1,13,'99075-4'),
(12364,'997761-U','BERMEDO AGUILERA CAMILA ANDREA',18,0,14,'55816-9'),
(12365,'003473-T',' 	IBAR GAYOSO IGNACIO ALEJANDRO ',3,0,8,'56695-4'),
(12366,'979783-G','FAGGIONI GRIFFITHS EDUARDO OTTORINO',3,1,7,'12381-5'),
(12367,'984604-T','VALENCIA HUGHES FELIPE IGNACIO ',2,1,7,'79931-9'),
(12368,'960320-L','DIAZ SOLAR PABLO ARIEL ',2,1,12,'70476-9'),
(12369,'970140-J','VIDAL VIDAL JOSE DANIEL ',3,1,13,'44931-2'),
(12370,'968391-C','HERRERA RIVAS PATRICIO ANDRES',3,1,12,'49390-7'),
(12371,'951476-Y','GARCIA DALLEZ FERNANDO GONZALO ',2,1,5,'68937-6'),
(12372,'974995-Q','MORENO ORMENO MAURICIO ESTEBAN ',2,1,13,'41011-1'),
(12373,'997715-N','MORA VALENZUELA YOANA FRANCHESCA ',1,1,13,'89240-4'),
(12374,'001641-H','CONTRERAS MORALES  ELIZABETH ALEJANDRA ',2,1,14,'66797-0'),
(12375,'003139-U',' 	CABELLO URZUA OSCAR ENRIQUE ',2,1,14,'15977-9'),
(12376,'004613-Y','ARAVENA BARRAZA CRISTHOFER ALEJANDRO ',2,1,14,'16467-4'),
(12377,'998386-W','ACEVEDO GONZALEZ SCARLET NOEMI ',17,0,14,'49368-5'),
(12378,'935792-M','SOLIS ROZAS RAUL ANTONIO ',2,1,4,'41836-4'),
(12379,'000834-W','BIAVA LARA JOSEPH ORLANDO ',4,1,14,'21275-5'),
(12380,'955931-L','MERINO CAMPOS BORIS CRISTIAN ',3,1,12,'14708-6'),
(12381,'959607-L','CACERES ACEVEDO JORGE ANDRES ',3,1,11,'20345-2'),
(12382,'988377-A','RIVAS TORRES RONNIE ANDRES ',3,1,13,'43433-7'),
(12383,'965043-X','CASTRO CHAVEZ  VICTOR HUGO ',2,0,12,'36946-2'),
(12384,'971615-X','VALDES RIVERA JORGE LUIS ',2,0,13,'70781-9'),
(12385,'979661-M','SALDIVIA LEAL ABELARDO ENRIQUE ',2,1,13,'85615-9'),
(12386,'974824-L','FLORES CERNA LUIS CARLOS ',2,0,13,'15897-6'),
(12387,'984907-K','AVILES CASTRO BRYAN ALEX ',2,1,13,'48030-4'),
(12388,'001701-E','MANZARRAGA ALONSO KATHERIN DANAE ',2,1,14,'48921-6'),
(12389,'970541-G','VILLALOBOS LARA ALEXIS ANTONIO ',22,1,12,'28821-9'),
(12390,'954303-E','MONTANARES ROBLES CRISTIAN OSVA ',2,1,12,'47488-4'),
(12391,'962793-Z','CAMPOS HIGUERAS DANIEL ANDRES',2,0,12,'30755-5'),
(12392,'973431-R','QUINTANA MUNOZ RICARDO ANDRES',2,1,13,'86837-9'),
(12393,'966363-D','HUICHAPANI AMPUERO CESAR AGUSTIN ',2,1,13,'45838-4'),
(12394,'987648-H','BRAVO FREIRE SANDRO SEBASTIAN ',16,0,13,'54220-1'),
(12395,'946534-M','OTAIZA LUCERO HERNAN ANDRES ',15,1,4,'17953-3'),
(12396,'966025-N','BAHAMONDES CONTRERAS YASNA CAROL ',15,1,12,'11832-1'),
(12397,'989140-A','CACERES SALGADO CLAUDIA ANDREA ',15,1,14,'88717-0'),
(12398,'987964-N','GENESSI GAVILAN CHAÑILLAO',2,0,14,'59337-1'),
(12399,'992476-J','FREDDY MUÑOZ SEPULVEDA',2,0,14,'70131-5'),
(12400,'993158-U','VICTORIA ROJAS GONZALEZ ',2,0,14,'18895-2'),
(12401,'002884-P','SEBASTIAN CEA FUENTES',2,0,14,'12991-7'),
(12402,'002833-K','MYRIAM SANTANA GUZMAN',2,0,14,'97890-1'),
(12403,'984865-Q','PEREZ VICENCIO CRISTOFER ANDRES ',5,1,13,'35525-3'),
(12404,'968942-C','MONTENEGRO VIDAL GEMA CRISTINA ',2,1,12,'27506-3'),
(12405,'968666-P','VIDAL ARCE JONATHAN JOEL ',2,1,12,'21045-3'),
(12406,'973103-Z','SALAZAR ESPINOZA SERGIO EDUARDO ',2,1,13,'65538-5'),
(12407,'987017-C','BRAVO SEPULVEDA CARLOS ESTEBAN ',2,1,13,'56781-9'),
(12408,'992690-V','APABLAZA ARAVENA JORGE ALEJANDRO ',2,1,14,'87319-4'),
(12409,'998448-C','INOSTROZA ORTEGA FRANCISCA MARISOL ',2,1,14,'95610-3'),
(12410,'993093-F','INOSTROZA OSORIO NATALY DEL PILAR ',2,1,14,'12835-6'),
(12411,'968620-M','NOVA SANHUEZA MARCO ANTONIO ',1,0,12,'88428-0'),
(12412,'951574-S','PEREZ FLORES CATHERINA ALEJANDRA ',1,1,5,'55171-9'),
(12413,'997226-L','LARA ORTEGA GENARO IGNACIO',2,1,14,'54012-3'),
(12414,'944084-L','HIDALGO CONEJEROS CLAUDIA ANDREA',2,1,10,'40161-2'),
(12415,'956320-C','SANHUEZA SANHUEZA RODRIGO RAMIRO ',2,1,12,'18087-0'),
(12416,'997162-L','BAHAMONDEZ LINEROS CESAR ANTONIO ',5,1,14,'14463-2'),
(12417,'996529-K',' 	SAEZ GAJARDO JORGE DIEGO ',2,0,14,'25500-3'),
(12418,'987974-Q','HERRERA POBLETE KAREN DEL PILAR ',2,1,13,'83048-0'),
(12419,'996233-J','BARAHONA CASTILLO PATRICIO JAVIER ',2,1,14,'72098-3'),
(12420,'943853-S','JARAMILLO VIVERO JULIO CESAR GERARDO',2,0,5,'84168-3'),
(12421,'952932-J','RUIZ CASTILLO CESAR AUGUSTO',30,1,11,'60686-6'),
(12422,'973343-G','URIBE SALVO NATALIE AMALIA',30,1,12,'17091-6'),
(12423,'988484-P','MONROY JARA HECTOR JAVIER',1,0,13,'58937-7'),
(12424,'979780-R','  ESPINOZA LEIVA FABIAN ALEJANDRO ',2,1,7,'88150-5'),
(12425,'979793-A',' 	GALLARDO MARQUEZ SERGIO EDUARDO ',3,1,7,'54527-1'),
(12426,'987446-P','MUÑOZ ZAMORANO CARLOS ANDRES',2,0,7,'27812-2'),
(12427,'992154-P','CONSTANZO  HIDALGO MARCO ANTONIO',2,0,8,'56628-5'),
(12428,'996712-J','OPAZO MONARES MARGARITA ANAYSSE',2,0,8,'11265-8'),
(12429,'996618-U','COFRE POLANCO CARLA ARACELY',2,0,8,'52650-5'),
(12430,'968636-H','RIOSECO AMIGO HECTOR ',2,1,13,'14294-7'),
(12431,'969748-S','SAEZ ARANGUIZ GIOVANNI',2,1,13,'54422-7'),
(12432,'980432-N','BASUALTO ARZOLA MARIA',2,0,13,'77912-6'),
(12433,'989549-G','GONZALEZ LLANCACURA MANUEL',2,1,13,'37300-0'),
(12434,'989553-U','ITURRA SOTO LUIS',2,1,13,'16107-9'),
(12435,'987843-M','LARA PANES CAROLINA',2,1,13,'70026-3'),
(12436,'982283-P','MEDINA GUTIERREZ ANJELO',2,1,13,'69394-1'),
(12437,'984978-Z','NAVARRETE LEON ROMINA ANDREA',5,1,13,'63647-7'),
(12438,'988490-Z','NEIPAN NEIPAN CRISTIAN ',2,0,13,'34386-4'),
(12439,'996412-E','ARRIAGADA OLATE JOSE',3,0,14,'46008-6'),
(12440,'997770-H','CARRASCO CEA NICOL',2,1,14,'79485-0'),
(12441,'001436-L','CASTRO MUÑOZ VICTOR GONZALO',28,1,14,'13595-5'),
(12442,'001634-S','CHAVARRIA FLORES DANIELA ',2,1,14,'58494-3'),
(12443,'997786-N','FIGUEROA LILLO MARIA ',2,1,14,'40567-2'),
(12444,'997810-J','LOPEZ FUENTES GEORGINA ',2,1,14,'69862-4'),
(12445,'998724-Y','MEDINA ACUÑA MARCOS',2,0,14,'66114-5'),
(12446,'992498-R','SILVA ALVAREZ HECTOR IGNACIO',19,1,14,'15536-2'),
(12447,'993376-W','FERNANDEZ SANCHEZ VICTOR MANUEL',32,0,13,'37872-9'),
(12448,'992080-M','SEGUEL HIDALGO JUAN CARLOS',29,1,13,'68506-7'),
(12449,'970254-Q','OLAVE BRAVO JOSE PATRICIO',2,1,13,'95450-7'),
(12450,'988778-L','MERY LOPEZ FELIPE ANDRES ',9,1,13,'20231-9'),
(12451,'986174-M','MUÑOZ ARANCIBIA ALIBETH ESTEFANY',2,0,13,'84062-0'),
(12452,'007434-Q','CALDERON PRADO FELIPE IGNACIO',29,0,15,'99401-8'),
(12453,'989190-V','HERMOSILLA AVENDAÑO DAMARIS ALICIA',1,1,7,'76744-2'),
(12454,'984440-S','BRAVO PAREDES IGNACIO ANDRES',2,1,7,'25637-9'),
(12455,'987525-E','BAEZA VEJAR CONSTANZA FERNANDA',2,1,7,'16149-9'),
(12456,'992189-K','FUENTES CARCAMO CLAUDIO GUILLERMO',2,1,7,'61443-7'),
(12457,'996787-N','CONTRERAS PALACIO FERNANDA BELEN',1,1,8,'20441-5'),
(12458,'964991-J','ROJAS ANGEL SANDRA JOANNA',2,1,12,'87453-1'),
(12459,'987391-Q','SAAVEDRA ISBEJ JADRA NATALIA',1,1,7,'13276-1'),
(12460,'000729-L','RIVAS JARA DANIEL ANTONIO',1,1,8,'19028-9'),
(12461,'003193-K','ORREGO SAN MARTIN FRANCISCO IGNACIO',1,0,14,'32495-6'),
(12462,'002194-K','PRADENAS VARA FABIOLA DE LAS NIEVES',1,0,14,'65143-2'),
(12463,'992227-Q','LOPEZ SANTELICES DIEGO ANDRES ',3,1,8,'24321-2'),
(12464,'996617-K','CIFUENTES DOMINGUEZ JOSE IGNACIO',3,1,8,'90474-9'),
(12465,'018243-A','BENAVIDES ARIAS ANDRES ALEJANDRO ',1,1,16,'97082-9'),
(12466,'996685-Q','LARENAS MARAMBIO AUGUSTO SEBASTIAN',3,1,8,'65607-1'),
(12467,'012829-Q','MORAGA MENDEZ JAVIER IGNACIO ',6,0,14,'46568-9'),
(12468,'958513-U','ANGULO ORELLANA RODRIOGO EDUARDO',3,0,12,'11419-2'),
(12469,'957015-K','NAVARRETE ACUÑA OSCAR MANUEL',3,0,12,'65817-7'),
(12470,'963244-B','AHUMADA ROJAS ANALIA XIMENA',3,0,12,'96101-7'),
(12471,'954881-J','ESCANDON ROZAS PATRICIO OMAR',3,1,11,'51702-4'),
(12472,'975259-N','SAAVEDRA VASQUEZ MARTIN DAVID',3,1,12,'20520-9'),
(12473,'988775-F','ESCUDERO ALARCON SEBASTIAN IGNACIO',3,1,13,'76828-1'),
(12474,'002402-U','FAUNDEZ VASQUEZ PATRICIO ANTONIO',3,0,14,'28723-8'),
(12475,'974636-X','ACEVEDO PIZARRO LUIS ALBERTO ',3,1,13,'69887-5'),
(12476,'976483-R','SILVA GONZALEZ HOHIRO FABIAN ',12,1,13,'54859-0'),
(12477,'977597-L','URIBE VERGARA DANILO ENRIQUE ',3,1,13,'70203-8'),
(12478,'983379-F','MUÑOZ GONZALEZ PATRICIO ESTEBAN ',3,1,13,'84635-7'),
(12479,'993023-W','ARAYA AYALA BERNARDA IGNACIO ',3,0,13,'38684-5'),
(12480,'993023-G','ARAYA AYALA BERNARDA MERCEDES ',3,1,13,'91032-1'),
(12481,'004715-W','VALDES VALDES MATIAS IGNACIO ',3,1,14,'66621-1'),
(12482,'003117-N','VARGAS CUYUL EVELYN JAZMIN ',10,1,14,'16151-5'),
(12483,'004257-B','ALBORNOZ GARRIDO SEBASTIAN ANDRES ',10,1,14,'90487-4'),
(12484,'005745-D','FIERRO VARGAS MATIAS IGNACIO',33,0,14,'59064-1'),
(12485,'983383-L','ORMEÑO AGUILERA NICOLLE PAULINA',19,1,13,'79744-6'),
(12486,'973461-X','VILLEGAS YEVENES JOSE ',2,0,12,'72681-6'),
(12487,'967080-T','OSSES ESPINOZA  ALBERTT',2,0,12,'81952-9'),
(12488,'974685-Z','GARCES RAMIREZ JUAN',2,0,13,'51564-2'),
(12489,'983768-D','FLORES CORTES JAIME ',2,0,13,'27256-6'),
(12490,'971864-Z','BUSTOS DIAZ JULIO',2,0,13,'19159-1'),
(12491,'977278-K','ORELLANA ASTORGA HIRAM',2,0,13,'73711-7'),
(12492,'973280-E','GARCIA SANCHEZ NICOLE SILVANA',24,0,12,'72824-3'),
(12493,'977181-K','TORRES BARRA LUCIANO SERGIO',24,0,13,'97757-3'),
(12494,'987883-G','SAEZ SEGURA DANIELA ',2,1,13,'97591-3'),
(12495,'001307-B','MANRIQUEZ PAVEZ CARLOS',2,1,13,'90131-3'),
(12496,'997225-K','LARA MUÑOZ PABLO ',2,0,14,'85445-5'),
(12497,'984671-V','HENRIQUEZ AZUA SEBASTIAN',2,0,13,'50904-2'),
(12498,'989099-Z','ROJAS ARAYA ANGEL',2,0,14,'54099-0'),
(12499,'996249-A','ORELLANA VIDAL LUIS ALFREDO',14,0,14,'97009-8'),
(12500,'992287-M','ROSSEL BERNAL RICARDO ALFREDO',20,1,7,'73835-8'),
(12501,'992333-J','VILCHES VIDELA MANUEL ANGEL ANDRES',13,1,8,'82548-7'),
(12502,'999077-U','LEFNO CHAPARRO MARCELO ALEJANDRO',21,0,14,'65202-0'),
(12503,'977944-X','CARRILLO MARTINEZ EDUARDO JAVIER',34,1,13,'26826-8'),
(12504,'995012-F','PERALTA CORRALES CONSUELO ESPERANZA ',26,0,14,'27185-2'),
(12505,'992202-Y','GUAJARDO OMEGNA NICOLAS BENJAMIN',3,1,7,'63299-9'),
(12506,'988970-H','FERNANDEZ MONSALVE PATRICIO ARTURO',19,1,7,'26911-4'),
(12507,'003019-X','GARCIA SANHUEZA CARLA DANIELA',11,0,14,'69282-6'),
(12508,'002007-T','ERICES ASTUDILLO JUAN IGNACIO',11,0,14,'87459-5'),
(12509,'977000-D','SANCHEZ YEVENES ALEX GUSTAVO',3,1,12,'38870-9'),
(12510,'993152-N','REBOLLEDO MATUS ANDREA',2,1,13,'76396-4'),
(12511,'998502-T','VILLALOBOS PARRA JOSELYN',2,1,14,'96601-2'),
(12512,'988188-W','COLOMA ALARCON EDUARDO',2,1,14,'11614-5'),
(12513,'981829-R','DÍAZ MUÑOZ RODRIGO SEBASTIAN',15,0,13,'62235-7'),
(12514,'998761-D','SALINAS DURAN ANTONIO FERNANDO',15,0,14,'79828-5'),
(12515,'023423-C','HEISE VARGAS MAURICIO ALEJANDRO',1,0,16,'62269-7'),
(12516,'023424-D','MILLAN DÍAZ HÉCTOR ALEJANDRO',1,1,16,'65614-2'),
(12517,'997339-V','CANALES SEPULVEDA FRANCISCO JAVIER',2,0,14,'79726-8'),
(12518,'986364-T','VALDES SANDOVAL INGRID BERLETH',2,1,13,'99350-0'),
(12519,'995563-L','CONCHA TOLEDO MATIAS IGNACIO',22,0,14,'92950-8'),
(12520,'971676-C','MILLAN MUÑOZ PATRICIA',3,1,13,'60566-1'),
(12521,'002794-U','MUNDACA FIGUEROA PATRICIA',8,0,14,'90381-1'),
(12522,'995019-N','RETAMAL RETAMAL PATRICIA',5,1,14,'91572-8'),
(12523,'997356-W','CORDOBA VIZCARRA ERIC',5,1,14,'14916-4'),
(12524,'007461-T','CORDERO LA REGLA JUAN PABLO',32,1,14,'20373-8'),
(12525,'965701-1','AGUILAR ULLOA BLADIMIR JACOB',3,1,12,'72853-8'),
(12526,'961117-J','ANABALON GALLARDO JOSE ALEJANDRO',1,1,12,'88762-5'),
(12527,'009189-D','RIQUELME BARRAZA NATALIA ',8,1,14,'32706-0'),
(12528,'956695-Z','CASTILLO DIAZ MIGUEL ANGEL',28,1,12,'40974-9'),
(12529,'974861-Z','MUÑOZ SAFFIE JORGE ANDRES',3,1,13,'95403-4'),
(12530,'964863-Z','NORAMBUENA MOLINA JOSE FERNANDO',3,1,12,'95006-5'),
(12531,'003184-J','MORALES CARCAMO MANUEL SEBASTIAN',11,1,14,'63528-1'),
(12532,'977372-H','DONOSO ARAVENA PAULINA',3,1,13,'52576-6'),
(12533,'977271-C','MUÑOZ CONTRERAS JUAN IGNACIO',34,1,13,'84997-0'),
(12534,'969059-K','LACRUZ CESPEDES EMILIO FRANCISCO',27,1,13,'12271-8'),
(12535,'999503-V','VILCHEZ IBARRA BASTIAN IGNACIO',11,1,14,'34331-9'),
(12536,'005150-D','CIFUENTES SALGADO OSCAR',3,1,13,'16573-5'),
(12537,'001259-J','CASTILLO CANDIA VICTOR MANUEL',3,1,14,'46489-5'),
(12538,'999448-D','PEÑA TORO CLAUDIO SEBASTIAN',34,1,14,'74714-2'),
(12539,'000945-D','PEÑA OSORES FELIPE ALEJANDRO',3,1,14,'15720-8'),
(12540,'002082-N','TAPIA BRAVO LEONARDO ALFREDO',3,1,14,'51394-8'),
(12541,'987958-Z','FIGUEROA FIGUEROA FRANCISCA',3,1,13,'32147-7'),
(12542,'994441-R','SALGADO URRUTIA VICTOR',3,1,14,'58290-9'),
(12543,'969808-Q','EHRENFELDT MONTENEGRO ALEJANDRO AXEL',3,1,12,'36001-4'),
(12544,'978747-T','ALARCON SILVA VIVIANA DEL CARMEN',3,1,13,'81428-4'),
(12545,'992230-X','MACKAYA NAVARRO JORGE RICARDO ',1,1,7,'66780-9'),
(12546,'005136-K','VIELMA CABRERA MELANIE',3,1,14,'44437-1'),
(12547,'994349-C','ANTILAF LLANQUINAO CARLOS ALBERTO',3,1,8,'15885-0'),
(12548,'992261-S',' OBANDO MONSALVE FERNANDA',3,1,7,'61214-4'),
(12549,'996654-Y',' MOREIRA VALENZUELA FRANCO',3,0,8,'35453-0'),
(12550,'000603-P','CRUCHETT LAVANDEROS MARIA JOSÉ ',3,1,8,'83614-4'),
(12551,'000556-F',' ABURTO VIVEROS CLAUDIO ESTEBAN',3,1,8,'34416-7'),
(12552,'011760-D',' BUSTAMANTE CARREÑO MATÍAS',11,1,15,'85365-2'),
(12553,'992301-T','SOLIS ACEVEDO HUGO GONZALO',30,1,7,'39686-1'),
(12554,'954767-E','LUIS ALFREDO JELDRES ANDRADE',8,0,11,'79925-7'),
(12555,'959774-J','RODRIGUEZ HERRERA CATHERINE IVONNE ',1,1,12,'55758-0'),
(12556,'962817-R','HERMOSILLA RODRIGUEZ FERNANDO',1,1,12,'42070-8'),
(12557,'002329-H','ORTIZ ARAMUNDIZ GABRIEL ALEJANDRO',1,0,14,'12299-6'),
(12558,'973202-C','PINO CACERES FRANCISCO JAVIER ',1,1,12,'84133-4'),
(12559,'967708-R','HERNANDEZ SEPULVEDA MANUEL ANDRES',1,1,12,'68884-0'),
(12560,'976718-B','TORRES ISLA FABIAN ALFONSO ',1,1,12,'72688-9'),
(12561,'982673-V','RIQUELME SAN JUAN ELIAS EDUARDO',17,0,13,'75202-9'),
(12562,'999886-M','DIAZ ECHEVERRIA EMILIO',3,0,14,'53136-6'),
(12563,'002629-E','SUAREZ SEPULVEDA MANUEL',3,0,14,'31950-6'),
(12564,'973322-T','SAAVEDRA FREDES PAMELA YANINNA',16,1,12,'86195-6'),
(12565,'009609-S','ARANEDA NUÑEZ ALVARO IGNACIO',10,0,15,'37389-5'),
(12566,'013044-R','BOLADOS CUEVAS FRANCISCO JAVIER',13,0,15,'10770-8'),
(12567,'988361-A','OSSES FLORES EDUARDO IGNACIO ',2,1,13,'49988-5'),
(12568,'023604-S','PALOMINOS RODRIGO',5,0,16,''),
(12569,'965858-D','GALAZ ARIAS HUMBERTO',3,1,12,'55669-9'),
(12570,'982293-R','MELIN LAGOS JORGE',3,1,13,'34548-6'),
(12571,'016890-N','SAEZ FONSECA STEFANIA VALESKA',11,1,15,'83324-2'),
(12572,'017062-P','VASQUEZ MARTINEZ EVELIN CLAUDIA',11,1,15,'69529-6'),
(12573,'995005-R','OSSES SOTO MARIA DE LOS ANGELES ',3,1,13,'97822-3'),
(12574,'948929-B','CONTRERAS TORRES CARLOS ALIRO',26,1,4,'96360-4'),
(12575,'984165-J','MONTECINOS JARA CRISTOFFER RAUL ',26,1,13,'52761-1'),
(12576,'993073-J','FICA REBOLLEDO ROMINA ANDREA',26,1,13,'35539-7'),
(12577,'997587-F','NEIRA CASTILLO JOSUE IGNACIO',26,1,13,'11340-6'),
(12578,'970408-L','PARRA YEFI PIA MONSERRAT',7,0,12,'58462-8'),
(12579,'006437-J','QUIROZ SOZA MAURICIO ANDRES',7,0,14,'78346-4'),
(12580,'992172-R','DRAGICEVIC LATORRES ALEXANDER MIRKO',15,1,7,'56319-9'),
(12581,'970777-L','PACHECO CAÑUTA MARIA ALEJANDRA ',3,1,12,'25142-7');
/*!40000 ALTER TABLE `funcionarios_funcionario` ENABLE KEYS */;
UNLOCK TABLES;

--
-- Table structure for table `funcionarios_grado`
--

DROP TABLE IF EXISTS `funcionarios_grado`;
/*!40101 SET @saved_cs_client     = @@character_set_client */;
/*!40101 SET character_set_client = utf8 */;
CREATE TABLE `funcionarios_grado` (
  `id` bigint(20) NOT NULL AUTO_INCREMENT,
  `codigo_grado` int(11) NOT NULL,
  `descripcion_grado` varchar(40) NOT NULL,
  PRIMARY KEY (`id`),
  UNIQUE KEY `funcionarios_grado_codigo_grado_82480504_uniq` (`codigo_grado`)
) ENGINE=InnoDB AUTO_INCREMENT=35 DEFAULT CHARSET=utf8mb3 COLLATE=utf8mb3_uca1400_ai_ci;
/*!40101 SET character_set_client = @saved_cs_client */;

--
-- Dumping data for table `funcionarios_grado`
--

LOCK TABLES `funcionarios_grado` WRITE;
/*!40000 ALTER TABLE `funcionarios_grado` DISABLE KEYS */;
INSERT INTO `funcionarios_grado` VALUES
(1,1,'GENERAL INSPECTOR'),
(2,2,'GENERAL'),
(3,3,'CORONEL'),
(4,4,'TENIENTE CORONEL'),
(5,5,'MAYOR'),
(6,6,'CAPITÁN'),
(7,7,'TENIENTE'),
(8,8,'SUBTENIENTE'),
(9,9,'SUBOFICIAL MAYOR'),
(10,10,'SUBOFICIAL'),
(11,11,'SARGENTO 1RO.'),
(12,12,'SARGENTO 2DO.'),
(13,13,'CABO 1RO.'),
(14,14,'CABO 2DO.'),
(15,15,'CARABINERO'),
(16,16,'C.P.R.');
/*!40000 ALTER TABLE `funcionarios_grado` ENABLE KEYS */;
UNLOCK TABLES;
/*!40103 SET TIME_ZONE=@OLD_TIME_ZONE */;

/*!40101 SET SQL_MODE=@OLD_SQL_MODE */;
/*!40014 SET FOREIGN_KEY_CHECKS=@OLD_FOREIGN_KEY_CHECKS */;
/*!40014 SET UNIQUE_CHECKS=@OLD_UNIQUE_CHECKS */;
/*!40101 SET CHARACTER_SET_CLIENT=@OLD_CHARACTER_SET_CLIENT */;
/*!40101 SET CHARACTER_SET_RESULTS=@OLD_CHARACTER_SET_RESULTS */;
/*!40101 SET COLLATION_CONNECTION=@OLD_COLLATION_CONNECTION */;
/*!40111 SET SQL_NOTES=@OLD_SQL_NOTES */;

-- Dump completed on 2025-02-04 12:27:05
